index,source,target
0,"Bipedal creatures resembling cats 
with white fur. Though normally 
docile, they will attack viciously 
provoked. 
Naturally curious, they often enter 
society and co-exist with
humans and wyvernians.
They are naturally attracted to
Felvine and follow it anywhere.",外表像猫、覆有白毛的二足生物。平時温馴，一旦被激怒就會兇猛反撃。生性好奇，常進入人類與龍人族的社會共存。天生對木天蓼著迷，會追著它到處奔。
1,"Bipedal creatures resembling cats 
with black fur. More aggressive than
Felynes and possessed by kleptomania, 
Melynxes will steal any items they 
can and bring them back to their 
dens. If you can find their dens 
however, you may be able to recover 
your items. Like Felynes, they are
obssessed with Felvine.",外表像猫、覆有黑毛的二足生物。比艾路猫更具攻撃性，且有窃盗癖，會把能盗走的東西帶回巣穴。若找到它們的巣穴，或許能取回失物。和艾路猫一樣，對木天蓼極度執着。
2,"Bipedal creatures native to the
Flower Field. Though uncommon, 
research suggests that they are quite
peaceful, unless attacked by a 
large monster. In such a situation,
they've been observed working together
to defeat said monster. The Guild
has received reports that Uruki will
seemingly assist hunters as well.","Bipedal creatures native to the
Flower Field. Though uncommon, 
research suggests that they are quite
peaceful, unless attacked by a 
large monster. In such a situation,
they've been observed working together
to defeat said monster. The Guild
has received reports that Uruki will
seemingly assist hunters as well."
3,"Small, humanoid Lynians known for
always wearing masks.
Masters of camouflage, by the
time you spot them its
usually too late! Both 
aggressive and highly social they
 are lead by a King Shakalaka
 identified by a larger mask.","Small, humanoid Lynians known for
always wearing masks.
Masters of camouflage, by the
time you spot them its
usually too late! Both 
aggressive and highly social they
 are lead by a King Shakalaka
 identified by a larger mask."
4,"An enormous, wasp-like 
Neopeteron with a paralytic sting.
Easily damaged, there are rarely
any usable materials left after
dispatching one. It has been
reported however that using poison
on them yields better results.","An enormous, wasp-like 
Neopeteron with a paralytic sting.
Easily damaged, there are rarely
any usable materials left after
dispatching one. It has been
reported however that using poison
on them yields better results."
5,"A large Neopeteron related to
Vespoids. They primarily dwell on
the ground of damp and dark places.
However, like their cousins, they
are easily destroyed by most
weapons. It is reported that
they are extremely susceptible
to poisons.","A large Neopeteron related to
Vespoids. They primarily dwell on
the ground of damp and dark places.
However, like their cousins, they
are easily destroyed by most
weapons. It is reported that
they are extremely susceptible
to poisons."
6,"Abnormaly large Thunderbugs
raised inside of certain
Elder Dragons. Often
found in the same areas
as thier former hosts
their electric attacks are
deadly. Despite this, they
have many uses in crafting.","Abnormaly large Thunderbugs
raised inside of certain
Elder Dragons. Often
found in the same areas
as thier former hosts
their electric attacks are
deadly. Despite this, they
have many uses in crafting."
7,"Small and docile Herbivores
thier horns are famously
used in a variety of medicines. 
The best way to harvest
said horns is with a blunt
weapon. During the evening
or inclement weather, they
will retreat into caves.","Small and docile Herbivores
thier horns are famously
used in a variety of medicines. 
The best way to harvest
said horns is with a blunt
weapon. During the evening
or inclement weather, they
will retreat into caves."
8,"Wild pigs covered in Moss
and various fungus.
Occasionally, whole mushrooms can
be found on them as well.
Their meat is also a 
famous delicacy. Normally
docile towards hunters
they will charge if provoked!","Wild pigs covered in Moss
and various fungus.
Occasionally, whole mushrooms can
be found on them as well.
Their meat is also a 
famous delicacy. Normally
docile towards hunters
they will charge if provoked!"
9,"Herbivores that dwell in
cold climates. Generally docile,
they will charge if threatened. 
 Their pelts are highly prized
by the Guild as are 
their antlers. They can be
located in snowy areas
regardless of the season.","Herbivores that dwell in
cold climates. Generally docile,
they will charge if threatened. 
 Their pelts are highly prized
by the Guild as are 
their antlers. They can be
located in snowy areas
regardless of the season."
10,"Herd-forming herbivores 
covered in thick fur to 
endure the cold. Popo are
normally quite gentle, but
will use their massive
tusks to defend their young.
Their tongues are a delicacy.","Herd-forming herbivores 
covered in thick fur to 
endure the cold. Popo are
normally quite gentle, but
will use their massive
tusks to defend their young.
Their tongues are a delicacy."
11,"Docile Herbivores characterized by
their large crests. They live in herds
and raise their young communally,
and are popular pack animals.
Very adaptable, they are also raised
for their nutritious meat. They
are wary of Large Monsters.","Docile Herbivores characterized by
their large crests. They live in herds
and raise their young communally,
and are popular pack animals.
Very adaptable, they are also raised
for their nutritious meat. They
are wary of Large Monsters."
12,"Desert-dwelling Herbivores 
covered in armor-like hide.
Though edible, obtaining meat from 
them is difficult due
to their territorial nature. 
They are especially violent
towards any hunter who
would steal their eggs.","Desert-dwelling Herbivores 
covered in armor-like hide.
Though edible, obtaining meat from 
them is difficult due
to their territorial nature. 
They are especially violent
towards any hunter who
would steal their eggs."
13,"Peaceful Herbivores with shaggy
coats of fur. They are
found in herds roaming the
Highlands. Normally docile
they will attack as a
group if threatened. It is
reported that they are
often shepherded by a Gurenzeburu.","Peaceful Herbivores with shaggy
coats of fur. They are
found in herds roaming the
Highlands. Normally docile
they will attack as a
group if threatened. It is
reported that they are
often shepherded by a Gurenzeburu."
14,"Small Herbivores native to
the Highlands. They are
quite peaceful and curious
towards hunters. Their
hooves are uniquely adapted
to live in steep, rocky
enviroments. During harsh
weather, or if threatened
they will quickly flee to safety.","Small Herbivores native to
the Highlands. They are
quite peaceful and curious
towards hunters. Their
hooves are uniquely adapted
to live in steep, rocky
enviroments. During harsh
weather, or if threatened
they will quickly flee to safety."
15,"Pack-dwelling Bird-Wyverns
known for their aggression.
They are regarded by
most hunters as a nuisance.
They are found in most temperate
enviroments during warmer seasons.","Pack-dwelling Bird-Wyverns
known for their aggression.
They are regarded by
most hunters as a nuisance.
They are found in most temperate
enviroments during warmer seasons."
16,"The alpha leaders of
Velociprey packs. Larger than
their kin, and marked by
more prominent crests
Velocidrome use their powerful
legs and sharp claws to
slash and leap at prey.
They are common during warm seasons.","The alpha leaders of
Velociprey packs. Larger than
their kin, and marked by
more prominent crests
Velocidrome use their powerful
legs and sharp claws to
slash and leap at prey.
They are common during warm seasons."
17,"Close relatives of Velociprey
like their cousins they
dwell in packs, but can
easily be differentiated by
their yellow and green hides.
Found in arid places, Genprey 
use their fangs to administer
a potent neurotoxin.","Close relatives of Velociprey
like their cousins they
dwell in packs, but can
easily be differentiated by
their yellow and green hides.
Found in arid places, Genprey 
use their fangs to administer
a potent neurotoxin."
18,"The Alpha leaders of 
Genprey packs, identified
by their larger crests.
Found in arid places
their venom glands house 
especially potent neurotoxins.","The Alpha leaders of 
Genprey packs, identified
by their larger crests.
Found in arid places
their venom glands house 
especially potent neurotoxins."
19,"Vivid-red Bird Wyverns
found in sub-tropical areas.
Specialized organs in their
throats produce a potent
toxin, which they spit
at their prey.","Vivid-red Bird Wyverns
found in sub-tropical areas.
Specialized organs in their
throats produce a potent
toxin, which they spit
at their prey."
20,"The Alpha-leaders of
Ioprey Packs. Larger than
their brethren, they can
also be identified by
their more prominent crest.
They are extremely venomous.","The Alpha-leaders of
Ioprey Packs. Larger than
their brethren, they can
also be identified by
their more prominent crest.
They are extremely venomous."
21,"A pale white species
of Bird Wyvern
Endemic to cold areas
Their white scales help
them blend into their
enviroment. They are known
to spit icy fluids at hunters.","A pale white species
of Bird Wyvern
Endemic to cold areas
Their white scales help
them blend into their
enviroment. They are known
to spit icy fluids at hunters."
22,"A Bird Wyvern with a
Large beak and larger ears.
 Common in warm, humid
areas, they have extremely
sensitive hearing and as
a result, can be stunned by
loud noises. When enraged
they will use fire based attacks.","A Bird Wyvern with a
Large beak and larger ears.
 Common in warm, humid
areas, they have extremely
sensitive hearing and as
a result, can be stunned by
loud noises. When enraged
they will use fire based attacks."
23,"A smaller and more
aggressive Subspecies of
Yian Kut-Ku. Like their
cousins, they enjoy warm
humid areas, like the Jungle.
While they are just as
susceptible to loud noises as 
their pink brethren, they
 are faster and more vicious.","A smaller and more
aggressive Subspecies of
Yian Kut-Ku. Like their
cousins, they enjoy warm
humid areas, like the Jungle.
While they are just as
susceptible to loud noises as 
their pink brethren, they
 are faster and more vicious."
24,"A close relative of
the Yian Kut-Ku
known for their hard
black shells and white, tufted
manes.Far deadlier than
their cousins, in addition to fire
based attacks, they wield
a potent venom in their
tails, and resistance to sonic bombs.","A close relative of
the Yian Kut-Ku
known for their hard
black shells and white, tufted
manes.Far deadlier than
their cousins, in addition to fire
based attacks, they wield
a potent venom in their
tails, and resistance to sonic bombs."
25,"Odd Wyverns capable of
disorientating hunters by
emitting a bright flash
from their crest. Their
rubbery skin resists impacts
and shock traps. Though
timid, their saliva hides
a vicious toxin. They prefer
warm and marshy habitats.","Odd Wyverns capable of
disorientating hunters by
emitting a bright flash
from their crest. Their
rubbery skin resists impacts
and shock traps. Though
timid, their saliva hides
a vicious toxin. They prefer
warm and marshy habitats."
26,"A variant of Gypceros
with a striking purple hide.
They are more aggressive
than normal Gypceros and
are virtually immune to
most poisons. Like their
kin, they will attempt to
steal hunter's items and
can secrete a horrific venom.","A variant of Gypceros
with a striking purple hide.
They are more aggressive
than normal Gypceros and
are virtually immune to
most poisons. Like their
kin, they will attempt to
steal hunter's items and
can secrete a horrific venom."
27,"A rust-coloured bird Wyvern
with magnificent tail feathers.
Native to temperate, forested
areas, they are normally
quite passive. If threatened
they can emit a sleep-
-inducing gas and kick
hunters viciously with their
powerful legs.","A rust-coloured bird Wyvern
with magnificent tail feathers.
Native to temperate, forested
areas, they are normally
quite passive. If threatened
they can emit a sleep-
-inducing gas and kick
hunters viciously with their
powerful legs."
28,"During the breeding season
certain Hypnocs will
develop brighter plumage for
courtship displays. They also
become extremely territorial
and will viciously attack anything
entering their territory.","During the breeding season
certain Hypnocs will
develop brighter plumage for
courtship displays. They also
become extremely territorial
and will viciously attack anything
entering their territory."
29,"An extremely rare Hypnoc
varient covered in silver
and white plumage.
Limited research conducted by
 the Guild has confirmed
these rare Wyverns behave
differently compared to their
kin, but more data is needed.","An extremely rare Hypnoc
varient covered in silver
and white plumage.
Limited research conducted by
 the Guild has confirmed
these rare Wyverns behave
differently compared to their
kin, but more data is needed."
30,"Closely related to Hypnocs
these Wyverns possess
extremely bright plumage, not
to warn predators, but
to attract potential mates.
Naturally being highly visible 
to potential threats, these
Wyverns are quite capable
of defending themselves and 
are not to be taken lightly.","Closely related to Hypnocs
these Wyverns possess
extremely bright plumage, not
to warn predators, but
to attract potential mates.
Naturally being highly visible 
to potential threats, these
Wyverns are quite capable
of defending themselves and 
are not to be taken lightly."
31,"Majestic Bird Wyverns native
to the Flower Field.
They possess a highly evolved
beak, which allows them to
feed from the various
flowers in their habitat.
Attention should be paid 
to the color of their wings
and tail feathers.","Majestic Bird Wyverns native
to the Flower Field.
They possess a highly evolved
beak, which allows them to
feed from the various
flowers in their habitat.
Attention should be paid 
to the color of their wings
and tail feathers."
32,"Powerful Bird Wyverns found
in the Highlands, they 
are violently territorial and
will attack any intruder
with impunity. Possessing
unique feathers and scales
they can gather sunlight
and convert it into 
deadly electrical attacks.","Powerful Bird Wyverns found
in the Highlands, they 
are violently territorial and
will attack any intruder
with impunity. Possessing
unique feathers and scales
they can gather sunlight
and convert it into 
deadly electrical attacks."
33,"Flying, serpentine Wyverns
that attack with poisonous
saliva. Though found in a
wide variety of enviroments
, such as deserts and 
volcanos, they often accompany 
Elder Dragons and are seen
as omens of destruction.","Flying, serpentine Wyverns
that attack with poisonous
saliva. Though found in a
wide variety of enviroments
, such as deserts and 
volcanos, they often accompany 
Elder Dragons and are seen
as omens of destruction."
34,"Flying Wyverns widely known
as ""Queens of the Land.""
With powerful legs and
venomous tails, they are
powerful predators and are
especially dangerous during the breeding
season. Legend holds there
exists a rare golden varient.","Flying Wyverns widely known
as ""Queens of the Land.""
With powerful legs and
venomous tails, they are
powerful predators and are
especially dangerous during the breeding
season. Legend holds there
exists a rare golden varient."
35,"A Sub-Species of Rathian
with striking pink scales.
Pink Rathian are far
more adept at aerial
combat than thier green
cousins and will incorporate
their venomous tails into
more attacks. They are 
extremely aggressive.","A Sub-Species of Rathian
with striking pink scales.
Pink Rathian are far
more adept at aerial
combat than thier green
cousins and will incorporate
their venomous tails into
more attacks. They are 
extremely aggressive."
36,"A legendary and rare 
variant of Rathian with
glittering, golden scales. Often
referred to as the 
""Golden Moon"", little is
known of this Wyvern's
ecology, save for it's
ability to dispatch unwary
 hunters with ease.","A legendary and rare 
variant of Rathian with
glittering, golden scales. Often
referred to as the 
""Golden Moon"", little is
known of this Wyvern's
ecology, save for it's
ability to dispatch unwary
 hunters with ease."
37,"Terrible Wyvern's also known
as the ""Kings of the Sky"".
Together with Rathian, they 
claim large and diverse
territories. Rathalos descend
upon prey and foe alike
from high altitudes, striking
with poison talons and fire.","Terrible Wyvern's also known
as the ""Kings of the Sky"".
Together with Rathian, they 
claim large and diverse
territories. Rathalos descend
upon prey and foe alike
from high altitudes, striking
with poison talons and fire."
38,"An blue coloured 
Sub-Species of Rathalos.
Much faster and more
aggressive than a normal
Rathalos, they are also
noticable stronger and will
attack with unmatched ferocity.
The Guild urges great
caution when hunting one.","An blue coloured 
Sub-Species of Rathalos.
Much faster and more
aggressive than a normal
Rathalos, they are also
noticable stronger and will
attack with unmatched ferocity.
The Guild urges great
caution when hunting one."
39,"A legendary and rare
variant of Rathalos with
shining, silver scales. Often
referred to as the
""Silver Sun"", little is
known of their ecology, including
the nature of their
appearence. Their deadliness
however, is well documented.","A legendary and rare
variant of Rathalos with
shining, silver scales. Often
referred to as the
""Silver Sun"", little is
known of their ecology, including
the nature of their
appearence. Their deadliness
however, is well documented."
40,"Horrifying Wyverns Found in
cold regions during the
Breeding season and more
temperate areas during the
Cold Season. Nearly blind
they rely on scent to
hunt prey, which they
paralyze with electric attacks.","Horrifying Wyverns Found in
cold regions during the
Breeding season and more
temperate areas during the
Cold Season. Nearly blind
they rely on scent to
hunt prey, which they
paralyze with electric attacks."
41,"A Khezu variant with a
ghastly red hide.
Much more aggressive than
normal Khezu, their electrical
organs are also more
developed and can deliver
deadly shocks to careless
hunters.","A Khezu variant with a
ghastly red hide.
Much more aggressive than
normal Khezu, their electrical
organs are also more
developed and can deliver
deadly shocks to careless
hunters."
42,"Juvenile Gravios famous for
their rock-like carapaces.
Often mistaken for large
rocks when sleeping, their
shells are weak to
explosives. They are also
able to emit poisonous gas
and are dormant during Cold Seasons","Juvenile Gravios famous for
their rock-like carapaces.
Often mistaken for large
rocks when sleeping, their
shells are weak to
explosives. They are also
able to emit poisonous gas
and are dormant during Cold Seasons"
43,"Large Wyverns with a rock
hard carapace and the
ability to emit powerful
heat beams. They are
found in volcanic and marshy
areas where they feed
 on various minerals for
 nutrients. They gather
en masse during the Breeding Season.","Large Wyverns with a rock
hard carapace and the
ability to emit powerful
heat beams. They are
found in volcanic and marshy
areas where they feed
 on various minerals for
 nutrients. They gather
en masse during the Breeding Season."
44,"Gravios who generate an
abnormal amount of heat
causing their shells to turn
black. As a result they
can unleash even more
powerful attacks, though they
must constantly vent 
 excess heat as a result.","Gravios who generate an
abnormal amount of heat
causing their shells to turn
black. As a result they
can unleash even more
powerful attacks, though they
must constantly vent 
 excess heat as a result."
45,"A large, desert-dwelling
Wyvern with a single
massive horn. Although they
lack any form of
breath attack, they can
shierk loud enough to shatter
 eardrums. Despite their appearence
 they are actually herbivorous.","A large, desert-dwelling
Wyvern with a single
massive horn. Although they
lack any form of
breath attack, they can
shierk loud enough to shatter
 eardrums. Despite their appearence
 they are actually herbivorous."
46,"A Sub-Species of Monoblos
with chalk-white scales.
Highly territorial, they will
charge at any intruder
without hesitation.
They are capable of
running at a great speed
 and are quite powerful.","A Sub-Species of Monoblos
with chalk-white scales.
Highly territorial, they will
charge at any intruder
without hesitation.
They are capable of
running at a great speed
 and are quite powerful."
47,"Large Wyverns with a pair
of massive horns. Though
they feed exclusively on
desert cacti, they are
violently territorial and are
capable of burrowing through
sand, as well as charging
at high speed.
Approach with caution.","Large Wyverns with a pair
of massive horns. Though
they feed exclusively on
desert cacti, they are
violently territorial and are
capable of burrowing through
sand, as well as charging
at high speed.
Approach with caution."
48,"These black-shelled Diablos
are not actually a true
Sub-Species, but rather are
female Diablos in heat.
Their shells turn black
to warn other creatures
as they become incredibly
violent and territorial, even
for a Diablos.","These black-shelled Diablos
are not actually a true
Sub-Species, but rather are
female Diablos in heat.
Their shells turn black
to warn other creatures
as they become incredibly
violent and territorial, even
for a Diablos."
49,"A primitive looking Wyvern
found in such disperate
locations as the Desert
and the Snowy Mountains.
While their wings don't
allow for great aerial
agility, their powerful jaws 
and legs allow them to
easily overpower prey.","A primitive looking Wyvern
found in such disperate
locations as the Desert
and the Snowy Mountains.
While their wings don't
allow for great aerial
agility, their powerful jaws 
and legs allow them to
easily overpower prey."
50,"Large, passive Wyverns who
sleep for large portions of 
the day. Their scales
are covered in numerous
poison-laced spikes leading
to the nickname of
""Thorn Wyvern""
Once angered, Espinas can 
become incredibly violent.
",大型、性情温和的飛龍種，一天之中大半時間都在睡眠。鱗片上布滿帶毒尖刺，因此有「棘龍」之稱。一旦被激怒，會變得極為凶暴。
51,"Orange-coloured Espinas
variants which prefer to
live in more arid areas
compared to their green kin.
While just as passive as
normal Espinas, they possess
acidic saliva that can
rapidly corrode armour.","Orange-coloured Espinas
variants which prefer to
live in more arid areas
compared to their green kin.
While just as passive as
normal Espinas, they possess
acidic saliva that can
rapidly corrode armour."
52,"Extremely rare Espinas which
possess snow white scales
and violet thorns. They
are far more aggressive than
regular Espinas and will
fly into a rage if awakened 
from sleep. They can
produce enormous toxic
fireballs while attacking.","Extremely rare Espinas which
possess snow white scales
and violet thorns. They
are far more aggressive than
regular Espinas and will
fly into a rage if awakened 
from sleep. They can
produce enormous toxic
fireballs while attacking."
53,"A massive,yet mysterious
Wyvern studded with jagged
spikes. It is an apex
predator, rivaling some Elder
Dragons in strength. Some
cultures refer to this
creature as the ""Black God""
however its official
Guild name is Akantor.","A massive,yet mysterious
Wyvern studded with jagged
spikes. It is an apex
predator, rivaling some Elder
Dragons in strength. Some
cultures refer to this
creature as the ""Black God""
however its official
Guild name is Akantor."
54,"Magnificent Wyverns adept at
creating and utilizing electricity.
Rarely found outside of
remote canyons, research on
their biology is lacking
however it has been
claimed that if sufficiently
injured, they may lose
control of their electrical organs.","Magnificent Wyverns adept at
creating and utilizing electricity.
Rarely found outside of
remote canyons, research on
their biology is lacking
however it has been
claimed that if sufficiently
injured, they may lose
control of their electrical organs."
55,"Deadly Wyverns adept at
creating and utilizing the
Dragon Element. Native to
cold and mountainous areas
these beasts are as
adept with ground combat
as they are aerial.
Their Dragon Element attacks
can also paralyze hunters.","Deadly Wyverns adept at
creating and utilizing the
Dragon Element. Native to
cold and mountainous areas
these beasts are as
adept with ground combat
as they are aerial.
Their Dragon Element attacks
can also paralyze hunters."
56,"Foul Wyverns with a
ceaseless appetite. They will
devour any form of meat
they find. Hunters may
utilize this by placing
meat of certain types near
these beasts, causing them
to over eat and vomit
rare materials they've eaten.","Foul Wyverns with a
ceaseless appetite. They will
devour any form of meat
they find. Hunters may
utilize this by placing
meat of certain types near
these beasts, causing them
to over eat and vomit
rare materials they've eaten."
57,"Enigmatic creatures only found
near ancient ruins. Little
has been documented of
their ecology, but reports
claim they are able to
cloak themselves in an armour
of frost when engraged.
It is also said to
despise loud noises.","Enigmatic creatures only found
near ancient ruins. Little
has been documented of
their ecology, but reports
claim they are able to
cloak themselves in an armour
of frost when engraged.
It is also said to
despise loud noises."
58,"Also known as ""Barbarian
Wyverns"", these large, horned
creatures are famously brutal.
Interestingly though, reports
indicate they guide and 
protect herds of Burukku in
their native range, defending
them from any 
 potential threat.","Also known as ""Barbarian
Wyverns"", these large, horned
creatures are famously brutal.
Interestingly though, reports
indicate they guide and 
protect herds of Burukku in
their native range, defending
them from any 
 potential threat."
59,"Hulking relatives of Akantor
found in desert regions,
their shells are often
mistaken for mountains. Voracious
predators, that will consume 
any smaller creature within reach
little else is known
of their biology.","Hulking relatives of Akantor
found in desert regions,
their shells are often
mistaken for mountains. Voracious
predators, that will consume 
any smaller creature within reach
little else is known
of their biology."
60,"Cunning predators that utilize
their many spines as
projectiles to wound and
trap prey.
Capable of secreting a variety
of neurotoxins from their 
skin, their oily fur 
is extremely vulnerable to
 fire based attacks.","Cunning predators that utilize
their many spines as
projectiles to wound and
trap prey.
Capable of secreting a variety
of neurotoxins from their 
skin, their oily fur 
is extremely vulnerable to
 fire based attacks."
61,"Flying Wyverns adapted to
life in cold, marine
enviroments.
They utilize their strange
barbed snouts and body
spikes for traversal
 as well as offense.
 They are also able to
expel a freezing substance.","Flying Wyverns adapted to
life in cold, marine
enviroments.
They utilize their strange
barbed snouts and body
spikes for traversal
 as well as offense.
 They are also able to
expel a freezing substance."
62,"A Wyvern seemingly related
to Rathalos, but with shining
white scales and flickering blue
flames. While painfully rare
ancient texts from various
cultures describe them as
everything from divine
messengers, to unholy envoys
of death and suffering.","A Wyvern seemingly related
to Rathalos, but with shining
white scales and flickering blue
flames. While painfully rare
ancient texts from various
cultures describe them as
everything from divine
messengers, to unholy envoys
of death and suffering."
63,"Previously known only from
fossils and believed to be
extinct until living specimens
were sighted by the Guild.
These black and gold
Wyverns are seemingly blind
and navigate their underground
territories through sound.","Previously known only from
fossils and believed to be
extinct until living specimens
were sighted by the Guild.
These black and gold
Wyverns are seemingly blind
and navigate their underground
territories through sound."
64,"Despite appearences, these 
Wyverns are not actually
blue, but rather use
magnetic organs to attach
ores to themselves as
armour. Like their cousin
the Tigrex they are brutally
aggressive predators.","Despite appearences, these 
Wyverns are not actually
blue, but rather use
magnetic organs to attach
ores to themselves as
armour. Like their cousin
the Tigrex they are brutally
aggressive predators."
65,"An enormous Wyvern only
recently discovered by the 
Guild. It was discovered
after reports from the
Highlands of strange sounds 
driving hunters to madness.
These voracious beasts can
emit sounds with odd
properties from various organs.","An enormous Wyvern only
recently discovered by the 
Guild. It was discovered
after reports from the
Highlands of strange sounds 
driving hunters to madness.
These voracious beasts can
emit sounds with odd
properties from various organs."
66,"Only recently being discovered
following an attack on
Guild researchers, little is
known of this Wyvern's
biology. It has however been
hypothesized that its flames
are the result of
it consuming a unique
type of thermophilic cactus.","Only recently being discovered
following an attack on
Guild researchers, little is
known of this Wyvern's
biology. It has however been
hypothesized that its flames
are the result of
it consuming a unique
type of thermophilic cactus."
67,"A newly discovered Wyvern
that is speculated to be
a more primitive cousin
of Gravios. They possess
numerous tube-like structures
from which they can
eject water at deadly speeds.
Research on these
creatures is ongoing.","A newly discovered Wyvern
that is speculated to be
a more primitive cousin
of Gravios. They possess
numerous tube-like structures
from which they can
eject water at deadly speeds.
Research on these
creatures is ongoing."
68,"Agile Wyverns that inhabit
polar enviroments. They utilize
the various spikes lining
their wings and tail for
easy traversal of icy
surfaces. They are skilled
predators and will dispatch
trapped prey with their
large amber tusks.","Agile Wyverns that inhabit
polar enviroments. They utilize
the various spikes lining
their wings and tail for
easy traversal of icy
surfaces. They are skilled
predators and will dispatch
trapped prey with their
large amber tusks."
69,"Flying Wyverns that have
evolved to live in densely
wooded areas. These sly
beasts stalk their prey from
the shadows with ferocious
speed. Their massive tails
are extremely deadly and
can kill small monsters
with a single strike.","Flying Wyverns that have
evolved to live in densely
wooded areas. These sly
beasts stalk their prey from
the shadows with ferocious
speed. Their massive tails
are extremely deadly and
can kill small monsters
with a single strike."
70,"Wyverns native to the
Painted Waterfalls, they are
characterized by their sharp
black scales and long
whip-like wing appendages.
In addition to water based
attacks, their claws are
capable of cutting stone. Parts
of their bodies turn
red enraged.","Wyverns native to the
Painted Waterfalls, they are
characterized by their sharp
black scales and long
whip-like wing appendages.
In addition to water based
attacks, their claws are
capable of cutting stone. Parts
of their bodies turn
red enraged."
71,"Invasive Wyverns native to
distant lands, they are 
marked by lustrus, golden
scales as sharp as blades.
They are extremely agile
and can launch their razor
sharp scales at prey
before shredding it with 
their talons.","Invasive Wyverns native to
distant lands, they are 
marked by lustrus, golden
scales as sharp as blades.
They are extremely agile
and can launch their razor
sharp scales at prey
before shredding it with 
their talons."
72,"Strange Wyverns found near
areas with fast moving 
water. While rather sluggish
they utilize explosive mist
generated from specialized
organs to kill potential
prey. Despite their lack
of agility, they are
stubborn, vicious predators.","Strange Wyverns found near
areas with fast moving 
water. While rather sluggish
they utilize explosive mist
generated from specialized
organs to kill potential
prey. Despite their lack
of agility, they are
stubborn, vicious predators."
73,"Piscine Wyverns related to
Plesioth, but adapted to
""swim"" through sand instead
of water. They locate
prey through sound, and
are sensitive to Sonic
Bombs as a result.","Piscine Wyverns related to
Plesioth, but adapted to
""swim"" through sand instead
of water. They locate
prey through sound, and
are sensitive to Sonic
Bombs as a result."
74,"The alpha leader of 
Cephalos Packs. Much larger
than their kin and
with darker scales, these
beasts possess enhanced paralytic
saliva.","The alpha leader of 
Cephalos Packs. Much larger
than their kin and
with darker scales, these
beasts possess enhanced paralytic
saliva."
75,"Huge Piscine Wyverns famous
for their great strength.
Like most Piscine Wyverns
their wings have evolved
into powerful fins. Despite
appearences, Plesioth are
as deadly on land as
they are in water.","Huge Piscine Wyverns famous
for their great strength.
Like most Piscine Wyverns
their wings have evolved
into powerful fins. Despite
appearences, Plesioth are
as deadly on land as
they are in water."
76,"A Plesioth Sub-Species
with deep Jad-green
scales. While physically similiar
to standard Plesioth, these
individuals are much more
aggressive and are much
more accurate with their
water beam attacks.","A Plesioth Sub-Species
with deep Jad-green
scales. While physically similiar
to standard Plesioth, these
individuals are much more
aggressive and are much
more accurate with their
water beam attacks."
77,"Volganos are thermophilic Wyverns
that utilize hardened magma
as a sort of armour.
These beasts spend much
of their time immersed
in molten rock, making
them a favourite research
target for scholars.","Volganos are thermophilic Wyverns
that utilize hardened magma
as a sort of armour.
These beasts spend much
of their time immersed
in molten rock, making
them a favourite research
target for scholars."
78,"A Volganos Sub-Species
which has melted rare
ores into its molten
armor, causing it to
remain red even when
cooled. A more developed
lava-storage organ
allows them to utilize
 additional attacks.","A Volganos Sub-Species
which has melted rare
ores into its molten
armor, causing it to
remain red even when
cooled. A more developed
lava-storage organ
allows them to utilize
 additional attacks."
79,"A small Carapaceon with a
very hard shell. They
are common in tropical
and desert areas during
warmer months where they
 will often ambush prey 
from undrground. Their brains
 are a prized delicacy.","A small Carapaceon with a
very hard shell. They
are common in tropical
and desert areas during
warmer months where they
 will often ambush prey 
from undrground. Their brains
 are a prized delicacy."
80,"A large carapaceon with 
a big monster's skull
on it's back. Found
in warm, sandy areas, they
attack prey with bubble
breath and their
massive, rock-hard pincers.
They will also use
their pincers for defense.","A large carapaceon with 
a big monster's skull
on it's back. Found
in warm, sandy areas, they
attack prey with bubble
breath and their
massive, rock-hard pincers.
They will also use
their pincers for defense."
81,"An adolescent Carapaceon with
an organic shell firmly placed
on it's back. Once grown
their original shell falls
off and is rplaced by a
large monster's skull.
Common in volcanic areas.","An adolescent Carapaceon with
an organic shell firmly placed
on it's back. Once grown
their original shell falls
off and is rplaced by a
large monster's skull.
Common in volcanic areas."
82,"A large Carapaceon with a
giant monster's skull on its
back. Its long, sharp pincers 
allow it to pierce stone and 
even travel along rock
ceilings. They are native to
marshy and volcanic areas and
occasionally they develop a
precious, rare pearl.","A large Carapaceon with a
giant monster's skull on its
back. Its long, sharp pincers 
allow it to pierce stone and 
even travel along rock
ceilings. They are native to
marshy and volcanic areas and
occasionally they develop a
precious, rare pearl."
83,"A giant Carapaceon with an
an equally giant monster's skull
on it's back. Prone to roaming 
and with a nearly
impenetrable shell, nearby forts and
towns must be alerted
to its movements or
potentially face total
annihilation.","A giant Carapaceon with an
an equally giant monster's skull
on it's back. Prone to roaming 
and with a nearly
impenetrable shell, nearby forts and
towns must be alerted
to its movements or
potentially face total
annihilation."
84,"A large Carapaceon with a 
crystal-adorned black shell.
These beasts possess unique
blood, which changes colour
in response to their mood.
Highly aggressive and opportunistic
predators, they attack with a
unique crystallizing body fluid.","A large Carapaceon with a 
crystal-adorned black shell.
These beasts possess unique
blood, which changes colour
in response to their mood.
Highly aggressive and opportunistic
predators, they attack with a
unique crystallizing body fluid."
85,"Closely related to Akura
Vashimu, these Carapaceons use
their crystal-covered tails
to lure curious prey into
striking distance. Research indicates
that if their tails are
injured, they will use
their crystalizing fluid to
patch the wound.","Closely related to Akura
Vashimu, these Carapaceons use
their crystal-covered tails
to lure curious prey into
striking distance. Research indicates
that if their tails are
injured, they will use
their crystalizing fluid to
patch the wound."
86,"Strange cave dwelling creatures
that cover their carapaces
with rocks and fungi for
camoflauge. Leveraging their unique
claws, these Carapaceons can both
slash and crush foes
with ease. Hunt with
caution.","Strange cave dwelling creatures
that cover their carapaces
with rocks and fungi for
camoflauge. Leveraging their unique
claws, these Carapaceons can both
slash and crush foes
with ease. Hunt with
caution."
87,"Small Carapaceons native to
the White Lake, they
normally remain buried beneath
the sand, only rising when
they detect potential prey.
Their tails possess a well
developed venom gland, allowing 
them to easily dispatch prey.","Small Carapaceons native to
the White Lake, they
normally remain buried beneath
the sand, only rising when
they detect potential prey.
Their tails possess a well
developed venom gland, allowing 
them to easily dispatch prey."
88,"Foul-tempered wild boars
that charge toward hunters 
the moment they spot them. 
Fertile and with a huge
range, they often form 
large herds. Their meat
is beloved by hunters.","Foul-tempered wild boars
that charge toward hunters 
the moment they spot them. 
Fertile and with a huge
range, they often form 
large herds. Their meat
is beloved by hunters."
89,"The imposing leaders of
Bullfango herds, they are
far more aggressive than
normal Bullfango and are
better at tracking their targets.
normally found in warm 
regions, they will migrate
to the Snowy Mountains
during warmer months.","The imposing leaders of
Bullfango herds, they are
far more aggressive than
normal Bullfango and are
better at tracking their targets.
normally found in warm 
regions, they will migrate
to the Snowy Mountains
during warmer months."
90,"Ape-like fanged beasts
with pink fur. Conga
rarely gather in large
groups, preferring to remain 
in small troups. Particularly 
fond of mushrooms, they can
be found in warm
humid areas.","Ape-like fanged beasts
with pink fur. Conga
rarely gather in large
groups, preferring to remain 
in small troups. Particularly 
fond of mushrooms, they can
be found in warm
humid areas."
91,"A large fanged beast with pink 
fur, often found in warm, humid
regions.
They are fond of mushrooms.
Guild research indicates that
the type of mushroom they
consume can affect the type
of breath attack they utilize.
They can be very pungent.","A large fanged beast with pink 
fur, often found in warm, humid
regions.
They are fond of mushrooms.
Guild research indicates that
the type of mushroom they
consume can affect the type
of breath attack they utilize.
They can be very pungent."
92,"Fanged beasts with white
fur, native to frigid enviroments.
They operate in small groups
under the direction of a
Blongonga Leader and will
answer its call whenevr it
may come.","Fanged beasts with white
fur, native to frigid enviroments.
They operate in small groups
under the direction of a
Blongonga Leader and will
answer its call whenevr it
may come."
93,"Leader of a Blango pack
it is twice as large and
recognized by its giant fangs
whiskers, and head-crown. It sends
its pack to attack any trespassers.
Its jumping power allows it 
 great mobility in its home
range of the snowy mountains.","Leader of a Blango pack
it is twice as large and
recognized by its giant fangs
whiskers, and head-crown. It sends
its pack to attack any trespassers.
Its jumping power allows it 
 great mobility in its home
range of the snowy mountains."
94,No information is documented.,No information is documented.
95,"Fanged Beasts native to the Tidal 
Island, which possess characteristic
white and beige fur with
long claws and tail.
They secret a unique webbing
like substance to aid in 
movement and often carry their
young on their backs.","Fanged Beasts native to the Tidal 
Island, which possess characteristic
white and beige fur with
long claws and tail.
They secret a unique webbing
like substance to aid in 
movement and often carry their
young on their backs."
96,"An ultra-aggressive creature that 
is rarely sighted and seldom survived.
Survivors report it exhibits a
strange attack. The Rajang
s said to be a loner
and this isolated life has made 
it difficult to pin down its 
territorial leanings.","An ultra-aggressive creature that 
is rarely sighted and seldom survived.
Survivors report it exhibits a
strange attack. The Rajang
s said to be a loner
and this isolated life has made 
it difficult to pin down its 
territorial leanings."
97,"Nomadic, male Fanged Beasts
with bristling grey coats.
They are never far from
their mate, the Nono Orugaron. 
Research shows these beasts
have advanced respiratory systems
allowing them to unleash
deadly wind-based attacks.","Nomadic, male Fanged Beasts
with bristling grey coats.
They are never far from
their mate, the Nono Orugaron. 
Research shows these beasts
have advanced respiratory systems
allowing them to unleash
deadly wind-based attacks."
98,"Nomadic, female Fanged Beasts
with snowy, white coats.
They are never far from
their mate, the Kamu Orugaron. 
Research shows these beasts
may use caves to amplify
their calls, allowing them to
summon their mates from great 
distances.","Nomadic, female Fanged Beasts
with snowy, white coats.
They are never far from
their mate, the Kamu Orugaron. 
Research shows these beasts
may use caves to amplify
their calls, allowing them to
summon their mates from great 
distances."
99,"Rare and violent variants of
Kamu Orugaron, known to inhabit
volcanic regions. Unlike their standard 
cousins, they are solitary hunters
and have been know to
even harrass Nono Orugaron during
the breeding season.
Their bright orange fur
is highly fire-resistant.
","Rare and violent variants of
Kamu Orugaron, known to inhabit
volcanic regions. Unlike their standard 
cousins, they are solitary hunters
and have been know to
even harrass Nono Orugaron during
the breeding season.
Their bright orange fur
is highly fire-resistant."
100,"Social creatures always observed
as a pair. The colour 
difference often seen between
them isn't sexual dimorphism as 
originally thought, but rather 
simple genetic variation, with 
the red variety being more
common. They fight as a team
and can generate magnetic fields.","Social creatures always observed
as a pair. The colour 
difference often seen between
them isn't sexual dimorphism as 
originally thought, but rather 
simple genetic variation, with 
the red variety being more
common. They fight as a team
and can generate magnetic fields."
101,"Brutal creatures recently found
in certain volcanic areas.
Utilizing flint-like growths on 
their arms, they are able
to wield vicious, flaming punches.
Research indicates these beasts
are closely related to 
Rajang, but their exact
relationship is still unknown.","Brutal creatures recently found
in certain volcanic areas.
Utilizing flint-like growths on 
their arms, they are able
to wield vicious, flaming punches.
Research indicates these beasts
are closely related to 
Rajang, but their exact
relationship is still unknown."
102,"Elder dragons so rarely sighted
that little is known of
their ecology, though everyone
knows of the high prices 
their parts fetch.
They are said to control
lightning itself, enrobing themselves
in it during battle.","Elder dragons so rarely sighted
that little is known of
their ecology, though everyone
knows of the high prices 
their parts fetch.
They are said to control
lightning itself, enrobing themselves
in it during battle."
103,"A metal plated dragon known 
as the tempest of wind.
Eyewitnesses report violent storms
rage in its presence
and numerous attacks on
cities within its extensive
territory have been documented.
 It has been sighted everywhere
 from deserts to polar regions.","A metal plated dragon known 
as the tempest of wind.
Eyewitnesses report violent storms
rage in its presence
and numerous attacks on
cities within its extensive
territory have been documented.
 It has been sighted everywhere
 from deserts to polar regions."
104,"Periodically Kushala Daora must
shed their metallic scales, prior
to this, they take on a
rusted appearence. While waiting to
molt they become extremely irratable
and may target human settlments.
While their shed husks are
common on mountain peaks no
one has witnessed a molt in person.","Periodically Kushala Daora must
shed their metallic scales, prior
to this, they take on a
rusted appearence. While waiting to
molt they become extremely irratable
and may target human settlments.
While their shed husks are
common on mountain peaks no
one has witnessed a molt in person."
105,"Eyewitness sightings of this
Elder Dragon are extremely rare
due to its ability to literally
vanish; however, details of this
are unclear. It is thought
that shocking it may make
it reappear. When sightings do
occur they are generally in 
 warm, humid regions.","Eyewitness sightings of this
Elder Dragon are extremely rare
due to its ability to literally
vanish; however, details of this
are unclear. It is thought
that shocking it may make
it reappear. When sightings do
occur they are generally in 
 warm, humid regions."
106,"A brutal female Elder Dragon
with breath of flame and expert
control over fire. It is
said that this control
comes from the crown-like horns
on its head, but this has
not been officially confirmed.
 Often sighted near Volcanoes and
ancient ruins.","A brutal female Elder Dragon
with breath of flame and expert
control over fire. It is
said that this control
comes from the crown-like horns
on its head, but this has
not been officially confirmed.
 Often sighted near Volcanoes and
ancient ruins."
107,"A brutal male Elder Dragon
with breath of flame and expert
control over fire. Its vile
temperament means anyone who
approaches is subject to fire and
brimstone. Known to attack cities,
the Guild attentively documents
all of their movements.","A brutal male Elder Dragon
with breath of flame and expert
control over fire. Its vile
temperament means anyone who
approaches is subject to fire and
brimstone. Known to attack cities,
the Guild attentively documents
all of their movements."
108,"A giant dragon few have 
 seen and lived to tell the
tale. When on the rampage
it wreaks havoc on all in its
path. The Guild has built a
fortress to repel the beast, but
will it hold?","A giant dragon few have 
 seen and lived to tell the
tale. When on the rampage
it wreaks havoc on all in its
path. The Guild has built a
fortress to repel the beast, but
will it hold?"
109,"An enormous dragon few have 
ever seen. It is not a
true Sub-Species, but rather
An older Lao-Shan Lung
that has become encased in
hardened ash from years of 
dwelling in a volcanic area.
The Guild believes something has
driven it from its native range.","An enormous dragon few have 
ever seen. It is not a
true Sub-Species, but rather
An older Lao-Shan Lung
that has become encased in
hardened ash from years of 
dwelling in a volcanic area.
The Guild believes something has
driven it from its native range."
110,"An Elder Dragon that floats
through the sky. A bite
of earth, a drink of forest,
it’s a veritable god of the sky
made of the richest soil.
Ancient trees grow thick on its
back like on a mountain. It’s
 rumored to live near a forlorn
remote tower.","An Elder Dragon that floats
through the sky. A bite
of earth, a drink of forest,
it’s a veritable god of the sky
made of the richest soil.
Ancient trees grow thick on its
back like on a mountain. It’s
 rumored to live near a forlorn
remote tower."
111,"An Elder Dragon with beautiful
shining wings. While mentions of its
existance are found in
various ancient texts, only after
it appeared and began attacking
settlments, was it officially 
documented. It is reported to
possess a strange power.","An Elder Dragon with beautiful
shining wings. While mentions of its
existance are found in
various ancient texts, only after
it appeared and began attacking
settlments, was it officially 
documented. It is reported to
possess a strange power."
112,"A powerful dragon clad in
purple scales and shining
wings. It's origin is unknown
but scholars believe it may
be a Sub-Species of Rukodiora.
It is able to generate 
far more powerful magnetic
fields than its relative.
","A powerful dragon clad in
purple scales and shining
wings. It's origin is unknown
but scholars believe it may
be a Sub-Species of Rukodiora.
It is able to generate 
far more powerful magnetic
fields than its relative."
113,"A legendary black dragon
said to have prowled these
 lands from the days of old.
Many skilled hunters have sought
to challenge it, but none
ever return. A monster shrouded
in mystery...","A legendary black dragon
said to have prowled these
 lands from the days of old.
Many skilled hunters have sought
to challenge it, but none
ever return. A monster shrouded
in mystery..."
114,"An elusive Elder Dragon previously
known only from ancient
legends. It dwells high in the
atmosphere, far above most
other creatures, but will 
rarely descend to ground level.
It was classified by the Guild
after its discovery by the
Large Exploration Ship.","An elusive Elder Dragon previously
known only from ancient
legends. It dwells high in the
atmosphere, far above most
other creatures, but will 
rarely descend to ground level.
It was classified by the Guild
after its discovery by the
Large Exploration Ship."
115,"Mysterious, yet overwhelmingly
powerful, this dragon dwells
in an area dubbed the
""World's End"", which was
previously thought to be
incapable of supporting life.
Ominously, no records of
this beast exist and its
ecology is a mystery.
","Mysterious, yet overwhelmingly
powerful, this dragon dwells
in an area dubbed the
""World's End"", which was
previously thought to be
incapable of supporting life.
Ominously, no records of
this beast exist and its
ecology is a mystery."
116,"A shimmering dragon of
golden scale and precious crystal,
its existance was revealed rather
recently. While its natural habitat 
is currently unknown, research
indicates it may be descended
from Kushala Daora that ingested
gold-bearing minerals over
many years.","A shimmering dragon of
golden scale and precious crystal,
its existance was revealed rather
recently. While its natural habitat 
is currently unknown, research
indicates it may be descended
from Kushala Daora that ingested
gold-bearing minerals over
many years."
117,"A dignified and powerful dragon
with an unmistakable tail.
Found in Bamboo forests to the
east, it is reported to
possess a strange symbiotic
relationship with the Bamboo,
which it is seemingly able to
manipulate at will. It also
reportedly produces Sleep-gas.","A dignified and powerful dragon
with an unmistakable tail.
Found in Bamboo forests to the
east, it is reported to
possess a strange symbiotic
relationship with the Bamboo,
which it is seemingly able to
manipulate at will. It also
reportedly produces Sleep-gas."
118,"Often enrobed in a strange
liquid metal, which it is
seemingly able to control at
a whim; this dragon
is a curious beast. First hand
accounts claim it is highly
intelligent, being able to
learn and counter a hunters
combat techniques with ease.
","Often enrobed in a strange
liquid metal, which it is
seemingly able to control at
a whim; this dragon
is a curious beast. First hand
accounts claim it is highly
intelligent, being able to
learn and counter a hunters
combat techniques with ease."
119,全ては謎につつまれている。,全ては謎につつまれている。
120,"An Elder Dragon that floats
through the sky and has
been sighted in the Highlands.
While it seems to share relation
with Yama Tsukami, Guild
research is still ongoing.
 It's body is home to
a veritable ecosystem of 
unique and dangerous flora.","An Elder Dragon that floats
through the sky and has
been sighted in the Highlands.
While it seems to share relation
with Yama Tsukami, Guild
research is still ongoing.
 It's body is home to
a veritable ecosystem of 
unique and dangerous flora."
121,"Recently documented by Guild
researchers exploring an arctic
region, this proud dragon
is believed to be an
ancestor of Teostra and
Lunastra. While much of it's
biology is still unknown, it
is speculated to be the
source of some intense blizzards.","Recently documented by Guild
researchers exploring an arctic
region, this proud dragon
is believed to be an
ancestor of Teostra and
Lunastra. While much of it's
biology is still unknown, it
is speculated to be the
source of some intense blizzards."
122,"Spoken of in ancient texts as
the "" Dragon of Conquest"", this
imposing creature has been
sighted at the Cloud
Viewing Fortress. Never without
an entourage of Egyurasu 
It's claws spawn tremors
and its breath immolates
everything before it.","Spoken of in ancient texts as
the "" Dragon of Conquest"", this
imposing creature has been
sighted at the Cloud
Viewing Fortress. Never without
an entourage of Egyurasu 
It's claws spawn tremors
and its breath immolates
everything before it."
123,"Enormous and incredibly violent
the immense stature and magma
like heat produced by this
Elder Dragon have earned it
the moniker of ""living
volcano"". The Guild fears the
incredible destruction this beast
could wreak, should it 
destroy the Inteceptor's Base.
","Enormous and incredibly violent
the immense stature and magma
like heat produced by this
Elder Dragon have earned it
the moniker of ""living
volcano"". The Guild fears the
incredible destruction this beast
could wreak, should it 
destroy the Inteceptor's Base."
124,"The distinctive radiant light of
the mature Gore Magala has
has been seen in the Sanctuary of 
Heaven's Mount. Some believe
Shagaru Magala was the ""foul
 wind that withered a mountain,"" 
a calamity spoken of in ancient
texts.","The distinctive radiant light of
the mature Gore Magala has
has been seen in the Sanctuary of 
Heaven's Mount. Some believe
Shagaru Magala was the ""foul
 wind that withered a mountain,"" 
a calamity spoken of in ancient
texts."
125,"Discovered after assaulting
a Guild expedition exploring an
ancient Tower, it is also 
known as the ""Burning Ice""
dragon, due to it's unique
physiology. While it possesses
control over ice and fire, it
segregates control over each
element to one side of it's
body. A fascinating creature.","Discovered after assaulting
a Guild expedition exploring an
ancient Tower, it is also 
known as the ""Burning Ice""
dragon, due to it's unique
physiology. While it possesses
control over ice and fire, it
segregates control over each
element to one side of it's
body. A fascinating creature."
126,"A legendary elder dragon spotted
on Sacred Pinnacle. An avatar 
of storms in the folklore of 
a certain village, Amatsu's appearance
is accompanied by furious cyclones 
and horrific storms. Its fearsome
power is said to outscale
that of natural disasters.","A legendary elder dragon spotted
on Sacred Pinnacle. An avatar 
of storms in the folklore of 
a certain village, Amatsu's appearance
is accompanied by furious cyclones 
and horrific storms. Its fearsome
power is said to outscale
that of natural disasters."
127,"Brute Wyverns that utilize their
bladed tails and sharp claws
to dispatch prey. When angered
the plates covering their backs
will flush with blood to
further intimidate their foes.
They are known to possess
extremely acidic saliva.","Brute Wyverns that utilize their
bladed tails and sharp claws
to dispatch prey. When angered
the plates covering their backs
will flush with blood to
further intimidate their foes.
They are known to possess
extremely acidic saliva."
128,"Closely related to Abiorugu
 they inhabit freezing enviroments
such as the Polar Sea,
where they utilize ice to
increase the power of their
attacks. They are able to 
shoot beams of pressurized
ice water at targets.
","Closely related to Abiorugu
 they inhabit freezing enviroments
such as the Polar Sea,
where they utilize ice to
increase the power of their
attacks. They are able to 
shoot beams of pressurized
ice water at targets."
129,"Large Brute Wyverns endemic
 to White Lake, research shows
they were previously semi
aquatic, until the lake's
waters receeded, forcing them
to re-adapt to terrestrial life.
They are able to store
lagre quantities of poison
gained from their prey.","Large Brute Wyverns endemic
 to White Lake, research shows
they were previously semi
aquatic, until the lake's
waters receeded, forcing them
to re-adapt to terrestrial life.
They are able to store
lagre quantities of poison
gained from their prey."
130,"The dreaded, nomadic Deviljho have
no specific territory of their 
own. Their muscles swell if
provoked, revealing old wounds. 
Needing to feed constantly due to
their extremely high metabolism
they can easily hunt nearby
animals to extinction. Hunt with
extreme caution.","The dreaded, nomadic Deviljho have
no specific territory of their 
own. Their muscles swell if
provoked, revealing old wounds. 
Needing to feed constantly due to
their extremely high metabolism
they can easily hunt nearby
animals to extinction. Hunt with
extreme caution."
131,"Brute wyverns coated with an 
explosive green substance. The
material is thought to be a 
unique myxomycete--or slime mold
that is primed to explode by 
the Brachydios's own saliva. Note 
that these crafty creatures
 can also deliver powerful foreleg 
strikes. Fond of volcanic areas.","Brute wyverns coated with an 
explosive green substance. The
material is thought to be a 
unique myxomycete--or slime mold
that is primed to explode by 
the Brachydios's own saliva. Note 
that these crafty creatures
 can also deliver powerful foreleg 
strikes. Fond of volcanic areas."
132,"Brute wyverns that feed on 
ore, using their mighty jaws
 to crush bedrock into powder.
They cleverly affix rock and ore
to themselves with lava, then 
spread them about, using
vibrations to make them explode.
They are also capable of
releasing seering hot gases.","Brute wyverns that feed on 
ore, using their mighty jaws
 to crush bedrock into powder.
They cleverly affix rock and ore
to themselves with lava, then 
spread them about, using
vibrations to make them explode.
They are also capable of
releasing seering hot gases."
133,"Leviathans adapted to terrestrial
life, they are rather cautious
preferring to scatter some of
the many dangerous crystals covering 
their bodies to harm unwary
attackers. The organic crystals
they grow also allow them to
harness sunlight and lightning
depending on the weather.","Leviathans adapted to terrestrial
life, they are rather cautious
preferring to scatter some of
the many dangerous crystals covering 
their bodies to harm unwary
attackers. The organic crystals
they grow also allow them to
harness sunlight and lightning
depending on the weather."
134,"Female Leviathans found in the 
Polar Sea. Roughly half
the size of their male
counterparts, they also possess
smaller fangs, more suited
to catching fish than for
display. If their children or
mate is threatened, they will
attack ferociously.
","Female Leviathans found in the 
Polar Sea. Roughly half
the size of their male
counterparts, they also possess
smaller fangs, more suited
to catching fish than for
display. If their children or
mate is threatened, they will
attack ferociously."
135,"Male Leviathans native to the
Polar Sea. Twice the size
of their female counterparts
they possess massive fangs
used to intimidate rivals and
predators alike. Though aggressive towards
percieved threats, they are
known to play with their
mates and offspring.","Male Leviathans native to the
Polar Sea. Twice the size
of their female counterparts
they possess massive fangs
used to intimidate rivals and
predators alike. Though aggressive towards
percieved threats, they are
known to play with their
mates and offspring."
136,"A foreign Leviathan which was 
discovered following reports of
a large number of montsers
drained of blood. They seem
to prefer areas near the
ocean or underground, where
they stalk and overpower any
creature smaller than themselves
before draining them of blood.","A foreign Leviathan which was 
discovered following reports of
a large number of montsers
drained of blood. They seem
to prefer areas near the
ocean or underground, where
they stalk and overpower any
creature smaller than themselves
before draining them of blood."
137,"Fanged wyverns whose bodies
are streaked with electricity. Sharp
 claws and strong limbs allow them 
to thrive in mountainous terrain.
During hunts, they gather numerous 
Thunderbugs to boost their power
and enter a supercharged state.
They house their Thunderbugs
within their dorsal shells.","Fanged wyverns whose bodies
are streaked with electricity. Sharp
 claws and strong limbs allow them 
to thrive in mountainous terrain.
During hunts, they gather numerous 
Thunderbugs to boost their power
and enter a supercharged state.
They house their Thunderbugs
within their dorsal shells."
138,"A subspecies of Zinogre with 
a jet-black body. It gathers
Dracophage bugs which eat Dragonfell
Berries and uses their Dragon
Element energy to dramatically boost
its power. Perhaps this is 
why it can survive in such
varied enviroments as the Snowy
Mountains and ancient towers.","A subspecies of Zinogre with 
a jet-black body. It gathers
Dracophage bugs which eat Dragonfell
Berries and uses their Dragon
Element energy to dramatically boost
its power. Perhaps this is 
why it can survive in such
varied enviroments as the Snowy
Mountains and ancient towers."
139,全ては謎につつまれている。,全ては謎につつまれている。
140,"A Wyvern with pitch-black
scales and crimson talons
occasionally seen at ancient
towers. The abilities of
this Wyvern seems to
vary between witnesses and
so little is known of 
it's biology, that it has yet
to be officially named.","A Wyvern with pitch-black
scales and crimson talons
occasionally seen at ancient
towers. The abilities of
this Wyvern seems to
vary between witnesses and
so little is known of 
it's biology, that it has yet
to be officially named."
141,"A curious, and unnerving monster
that, when threatened, scatters
pollen like scales that heighten its 
own senses while causing detrimental 
effects to any other creatures 
that inhale them. Elusive
and mysterious, much about 
their biology remains unknown.","A curious, and unnerving monster
that, when threatened, scatters
pollen like scales that heighten its 
own senses while causing detrimental 
effects to any other creatures 
that inhale them. Elusive
and mysterious, much about 
their biology remains unknown."
