from,to,note
臺,台,異體
裏,裡,異體（視白名單而定）
啓,啟,異體
淸,清,異體
眞,真,異體
擧,舉,異體
敎,教,異體
硏,研,異體
緖,緒,異體
綠,緑,日文形
錄,録,日文形
劍,剣,日文形
擊,撃,日文形
戰,戦,日文形
獸,獣,日文形
體,体,日文形
會,会,日文形
國,国,日文形
關,関,日文形
屬,属,日文形
數,数,日文形
與,与,日文形
內,内,日文形
龍,竜,日文形（MH 台服多用龍；僅缺字形時）
貓,猫,日文形
姬,姫,日文形
吞,呑,日文形
焰,焔,日文形
黃,黄,日文形
鐮,鎌,日文形
剝,剥,日文形
鍊,鏈,日文形
伙,夥,日文形
蘑,菌,整詞優先菌豬
阱,罠,整詞優先落穴罠／麻痺罠
盔,兜,整詞優先頭部防具
咕,古,整詞優先古古鴨
卡,可,整詞優先摩可壺
帕,拍,字集／CP932
醃,漬,整詞優先摩可壺
喵,ニャ,伙伴喵定稿「喵」；顯示用カタカナ
‧,・,中點改日文中點
—,-,破折號
…,...,省略號
「,",窄 UI 引號
」,",窄 UI 引號
溫,温,日文形
牠,它,字集
你,貴方,字集
說,説,日文形
銳,鋭,日文形
產,産,日文形
緣,縁,日文形
狀,状,日文形
徵,徴,日文形
韌,靭,日文形
龐,巨大,字集
佈,布,異體
絕,絶,日文形
眾,衆,日文形
步,歩,日文形
歷,歴,日文形
撐,支,字集
另,別,字集
軀,躯,日文形
脫,脱,日文形
燙,熱,字集
份,分,異體
睞,看,字集
饈,珍味,字集
餚,菜,字集
桌,食卓,字集
崽,幼獣,字集
馱,駄,日文形
偷,盗,日文形
陡,険,日文形
趕,駆,日文形
查,調,字集
朵,花,字集
鏽,錆,日文形
豔,艶,日文形
覷,狙,字集
痹,痺,日文形
籲,呼,字集
嶙,岩,字集
峋,岩,字集
戾,悪,日文形
巔,頂,字集
蜇,刺,字集
晚,夜,字集
躲,隠,日文形
獠,牙,字集
踢,蹴,日文形
妮,尼,字集
啪,拍,字集
嗒,達,字集
褲,袴,字集
咕,古,字集
萊,來,缺字
緹,提,缺字
