cluster_id	en_prefix	zh_prefix	en_nick	zh_nick	jp_ref	note
espinas-g	Thorncrown	棘冠剣	Rosendorn	索恩	棘冠剣ローゼンソーン	棘竜G・片手
espinas-g	Thorncrown	棘冠剣	Rosenstachel	艾皮納	棘冠剣ローゼンエピナ	keep
espinas-g	Thorncrown	棘冠剣	Rosennadel	斯皮努	棘冠剣ローゼンスピヌ	keep
espinas-g	Thorncrown	棘冠剣	Rosenspitze	普里魯	棘冠剣ローゼンプリル	keep
espinas-g	Thornshroud	棘蝕双	Rosenklinge	艾吉	棘蝕双ローゼンエッジ	棘竜G・雙剣
espinas-g	Thornshroud	棘蝕双	Rosenkrone	科魯諾	棘蝕双ローゼンコルノ	keep
espinas-g	Thornshroud	棘蝕双	Rosenturm	羅克	棘蝕双ローゼンローク	keep
espinas-g	Thornshroud	棘蝕双	Rosenkranz	凱拉斯	棘蝕双ローゼンケラス	keep
espinas-g	Thornedge	棘纏刀	Rosensamba	科伊魯	棘纏刀ローゼンコイル	棘竜G・太刀
espinas-g	Thornedge	棘纏刀	Rosenwalzer	羅烏魯	棘纏刀ローゼンロウル	keep
espinas-g	Thornedge	棘纏刀	Rosentanz	托伊恩	棘纏刀ローゼントイン	keep
espinas-g	Thornedge	棘纏刀	Rosentango	拉烏多	棘纏刀ローゼンラウド	keep
espinas-g	Thornflute	棘奏笛	Rosenglanz	加恩茨	棘奏笛ローゼンガンツ	棘竜G・笛
espinas-g	Thornflute	棘奏笛	Rosenmelodie	哈魯貝	棘奏笛ローゼンハルベ	keep
espinas-g	Thornflute	棘奏笛	Rosenmusik	菲亞	棘奏笛ローゼンフィア	keep
espinas-g	Thornflute	棘奏笛	Rosenlied	阿哈魯	棘奏笛ローゼンアハル	keep
espinas-g	Thornspike	棘刺槍	Rosenpikser	皮因	棘刺槍ローゼンピィン	棘竜G・槍
espinas-g	Thornspike	棘刺槍	Rosenblitz	哈魯伊	棘刺槍ローゼンハルイ	keep
espinas-g	Thornspike	棘刺槍	Rosentugend	圖格	棘刺槍ローゼントゥゲ	keep
espinas-g	Thornspike	棘刺槍	Rosensinn	斯因	棘刺槍ローゼンスイン	keep
espinas-g	Thorntusk	棘牙銃槍	Rosenfall	法	棘牙銃槍ローゼンファ	棘竜G・銃槍
espinas-g	Thorntusk	棘牙銃槍	Rosenblatt	帕魯	棘牙銃槍ローゼンパル	keep
espinas-g	Thorntusk	棘牙銃槍	Rosenspiel	比雷	棘牙銃槍ローゼンビレ	keep
espinas-g	Thorntusk	棘牙銃槍	Rosenzorn	茨恩	棘牙銃槍ローゼンツン	keep
espinas-g	Bramble Spike	棘貫斬鎚	Rozenade	納德	棘貫斬鎚ローゼンナデ	棘竜G・磁斬
espinas-g	Bramble Spike	棘貫斬鎚	Rozenrita	里塔	棘貫斬鎚ローゼンリタ	keep
espinas-g	Bramble Spike	棘貫斬鎚	Rozenmere	梅阿	棘貫斬鎚ローゼンメア	keep
espinas-g	Bramble Spike	棘貫斬鎚	Rozenmag	瑪古	棘貫斬鎚ローゼンマグ	keep
九九式	Type 99	九九式	Cornet	短號	九九式コルネット	auto-wiki
九九式	Type 99	九九式	Horn	法國號	九九式ホルン	auto-wiki
九九式	Type 99	九九式	Siren	汽笛	九九式サイレン	auto-wiki
九九式	Type 99	九九式	Klaxon	響笛	九九式クラクション	auto-wiki
灼零	Burning Zero Dragon	灼零	Gun	加恩茨艾	灼零エルゼガンツェ	auto-wiki
灼零	Burning Zero Dragon	灼零	Horn	索多	灼零エルゼソード	auto-wiki
灼零	Burning Zero Dragon	灼零	Axe	阿庫斯	灼零エルゼアクス	auto-wiki
灼零	Burning Zero Dragon	灼零	Duo	德尤阿魯	灼零エルゼデュアル	auto-wiki
灼零	Burning Zero Dragon	灼零	Ken	斯帕達	灼零エルゼスパーダ	auto-wiki
瑠璃煌刀	Lapis Gleam	瑠璃煌刀	Aku	阿庫	瑠璃煌刀アーク	auto-wiki
瑠璃煌刀	Lapis Gleam	瑠璃煌刀	Tanoku	塔恩歐庫	瑠璃煌刀タンオーク	auto-wiki
瑠璃煌刀	Lapis Gleam	瑠璃煌刀	Noisuto	諾伊斯托	瑠璃煌刀ノイスト	auto-wiki
瑠璃煌刀	Lapis Gleam	瑠璃煌刀	Xirein	弗伊雷伊	瑠璃煌刀ヴィレイン	auto-wiki
瑠璃煌刀	Lapis Gleam	瑠璃煌刀	Xiregyura	弗伊雷吉	瑠璃煌刀ヴィレギュラ	auto-wiki
司銀双剣	Harudo Duals	司銀双剣	Jin	吉恩	司銀双剣ジン	auto-wiki
司銀双剣	Harudo Duals	司銀双剣	Serieburo	塞里艾布	司銀双剣セリエブロー	auto-wiki
司銀双剣	Harudo Duals	司銀双剣	Metarumu	梅塔魯姆	司銀双剣メタルム	auto-wiki
司銀双剣	Harudo Duals	司銀双剣	Kuryusuta	庫里尤斯	司銀双剣クリュスタ	auto-wiki
司銀大剣	Harudo Blade	司銀大剣	Rarujan	拉魯吉亞	司銀大剣ラルジャン	auto-wiki
司銀大剣	Harudo Blade	司銀大剣	Mirionu	米里歐努	司銀大剣ミリオヌ	auto-wiki
司銀大剣	Harudo Blade	司銀大剣	Haku	哈庫	司銀大剣ハク	auto-wiki
司銀大剣	Harudo Blade	司銀大剣	Argyros	阿魯吉尤	司銀大剣アルギュロス	auto-wiki
司銀斬鎚	Harudo Spike	司銀斬鎚	Shirogane	白銀	司銀斬鎚シロガネ	auto-wiki
司銀斬鎚	Harudo Spike	司銀斬鎚	Deruna	德魯納	司銀斬鎚デルーナ	auto-wiki
司銀斬鎚	Harudo Spike	司銀斬鎚	Serinos	塞里諾	司銀斬鎚セリノス	auto-wiki
司銀斬鎚	Harudo Spike	司銀斬鎚	Emandaro	艾曼	司銀斬鎚エマンダロ	auto-wiki
司銀猛笛	Harudo Horn	司銀猛笛	Fuxidda	菲達	司銀猛笛フィッダ	auto-wiki
司銀猛笛	Harudo Horn	司銀猛笛	Shidavuros	希達	司銀猛笛シダヴロス	auto-wiki
司銀猛笛	Harudo Horn	司銀猛笛	Arujixen	阿爾杰	司銀猛笛アルジェン	auto-wiki
司銀猛笛	Harudo Horn	司銀猛笛	Nogure	諾格雷	司銀猛笛ノグレー	auto-wiki
司銀真剣	Harudo Sword	司銀真剣	Silver	銀	司銀真剣シルバ	auto-wiki
司銀真剣	Harudo Sword	司銀真剣	Metal	金屬	司銀真剣ミタール	auto-wiki
司銀真剣	Harudo Sword	司銀真剣	Platinum	白金	司銀真剣プラータ	auto-wiki
司銀真剣	Harudo Sword	司銀真剣	Crystal	水晶	司銀真剣クリスタロ	auto-wiki
司銀輝槍	Harudo Spear	司銀輝槍	Asimi	阿西米	司銀輝槍アスィミ	auto-wiki
司銀輝槍	Harudo Spear	司銀輝槍	Metoxu	梅托	司銀輝槍メトゥ	auto-wiki
司銀輝槍	Harudo Spear	司銀輝槍	Risashion	理紗	司銀輝槍リサシオン	auto-wiki
司銀輝槍	Harudo Spear	司銀輝槍	Sudoraba	須多	司銀輝槍スドラーバ	auto-wiki
司銀銃槍	Harudo Blast	司銀銃槍	Tarusu	塔魯斯	司銀銃槍タルス	auto-wiki
司銀銃槍	Harudo Blast	司銀銃槍	Shiriburo	西里布	司銀銃槍シリブロー	auto-wiki
司銀銃槍	Harudo Blast	司銀銃槍	Norisosu	諾里索	司銀銃槍ノリソス	auto-wiki
司銀銃槍	Harudo Blast	司銀銃槍	Zervelle	澤維爾	司銀銃槍ゼルヴェル	auto-wiki
喰血絶剣斧	Bloody Axe	喰血絶剣斧	Babel	巴別	喰血絶剣斧バベル	auto-wiki
喰血絶剣斧	Bloody Axe	喰血絶剣斧	Basra	巴斯拉	喰血絶剣斧バスラ	auto-wiki
喰血絶剣斧	Bloody Axe	喰血絶剣斧	Badon	巴東	喰血絶剣斧バドン	auto-wiki
喰血絶剣斧	Bloody Axe	喰血絶剣斧	Baridu	巴里杜	喰血絶剣斧バリドゥ	auto-wiki
喰血絶大剣	Bloodless Cleaver	喰血絶大剣	Estee	艾斯特伊	喰血絶大剣エスティ	auto-wiki
喰血絶大剣	Bloodless Cleaver	喰血絶大剣	Emp	艾恩普	喰血絶大剣エンプ	auto-wiki
喰血絶大剣	Bloodless Cleaver	喰血絶大剣	Erus	艾魯斯	喰血絶大剣エルス	auto-wiki
喰血絶大剣	Bloodless Cleaver	喰血絶大剣	Endo	艾恩多烏	喰血絶大剣エンドゥ	auto-wiki
喰血絶棍	Bloodless Tonfa	喰血絶棍	Sain	薩伊恩	喰血絶棍サイン	auto-wiki
喰血絶棍	Bloodless Tonfa	喰血絶棍	Sairu	薩伊魯	喰血絶棍サイル	auto-wiki
喰血絶棍	Bloodless Tonfa	喰血絶棍	Sakura	薩庫拉	喰血絶棍サクラ	auto-wiki
喰血絶棍	Bloodless Tonfa	喰血絶棍	Said	薩伊多烏	喰血絶棍サイドゥ	auto-wiki
喰血絶重砲	Bloodeating Hbg	喰血絶重砲	Karma	業	喰血絶重砲カルマ	auto-wiki
喰血絶重砲	Bloodeating Hbg	喰血絶重砲	Calie	卡里艾	喰血絶重砲カリエ	auto-wiki
喰血絶重砲	Bloodeating Hbg	喰血絶重砲	Karado	卡拉杜	喰血絶重砲カラドゥ	auto-wiki
喰血絶銃	Bloodeating Gun	喰血絶銃	Spice	香辛	喰血絶銃スピーズ	auto-wiki
喰血絶銃	Bloodeating Gun	喰血絶銃	Sweet	甜	喰血絶銃スリト	auto-wiki
喰血絶銃	Bloodeating Gun	喰血絶銃	Suflan	蘇弗蘭	喰血絶銃スフラン	auto-wiki
喰血絶銃	Bloodeating Gun	喰血絶銃	Sukado	斯卡杜	喰血絶銃スカドゥ	auto-wiki
喰血絶鎚	Bloodless Impact	喰血絶鎚	Marija	瑪莉雅	喰血絶鎚マリジャ	auto-wiki
喰血絶鎚	Bloodless Impact	喰血絶鎚	Mars	馬斯	喰血絶鎚マルス	auto-wiki
喰血絶鎚	Bloodless Impact	喰血絶鎚	Marin	瑪琳	喰血絶鎚マリン	auto-wiki
喰血絶鎚	Bloodless Impact	喰血絶鎚	Makadu	瑪卡杜	喰血絶鎚マカドゥ	auto-wiki
岩漿鎧刀	Magma Slicer	岩漿鎧刀	Fensu	弗阿恩斯	岩漿鎧刀ファンス	auto-wiki
岩漿鎧刀	Magma Slicer	岩漿鎧刀	Saphire	薩弗伊阿	岩漿鎧刀サフィーア	auto-wiki
岩漿鎧刀	Magma Slicer	岩漿鎧刀	Furora	弗羅拉	岩漿鎧刀フローラ	auto-wiki
岩漿鎧刀	Magma Slicer	岩漿鎧刀	Morgana	莫魯加納	岩漿鎧刀モルガナ	auto-wiki
岩漿鎧剣斧	Magma Axe	岩漿鎧剣斧	Cosmo	宇宙	岩漿鎧剣斧コスモ	auto-wiki
岩漿鎧剣斧	Magma Axe	岩漿鎧剣斧	Amethy	紫水晶	岩漿鎧剣斧アメジー	auto-wiki
岩漿鎧剣斧	Magma Axe	岩漿鎧剣斧	Emerald	艾梅魯多	岩漿鎧剣斧エメルド	auto-wiki
岩漿鎧剣斧	Magma Axe	岩漿鎧剣斧	Andras	安德拉	岩漿鎧剣斧アンドラス	auto-wiki
岩漿鎧双剣	Magma Duo	岩漿鎧双剣	Hizi	希茲伊	岩漿鎧双剣ヒズィ	auto-wiki
岩漿鎧双剣	Magma Duo	岩漿鎧双剣	Nefrit	涅弗里托	岩漿鎧双剣ネフリット	auto-wiki
岩漿鎧双剣	Magma Duo	岩漿鎧双剣	Munst	姆恩斯托	岩漿鎧双剣ムンスト	auto-wiki
岩漿鎧双剣	Magma Duo	岩漿鎧双剣	Agate	阿恩吉艾	岩漿鎧双剣アンジェイ	auto-wiki
岩漿鎧槍	Magma Spear	岩漿鎧槍	Zircon	鋯石	岩漿鎧槍ジルゴン	auto-wiki
岩漿鎧槍	Magma Spear	岩漿鎧槍	Gwon	轟	岩漿鎧槍グォーン	auto-wiki
岩漿鎧槍	Magma Spear	岩漿鎧槍	Labradorit	拉長石	岩漿鎧槍ラブラドル	auto-wiki
岩漿鎧槍	Magma Spear	岩漿鎧槍	Obsidian	黑曜石	岩漿鎧槍オブシディア	auto-wiki
岩漿鎧銃槍	Magma Buster	岩漿鎧銃槍	Chalced	玉髓	岩漿鎧銃槍カルセド	auto-wiki
岩漿鎧銃槍	Magma Buster	岩漿鎧銃槍	Onyx	縞瑪瑙	岩漿鎧銃槍オニクシス	auto-wiki
岩漿鎧銃槍	Magma Buster	岩漿鎧銃槍	Crystal	水晶	岩漿鎧銃槍クリスタ	auto-wiki
岩漿鎧銃槍	Magma Buster	岩漿鎧銃槍	Diamond	金剛石	岩漿鎧銃槍ダイモンド	auto-wiki
桃牙剣	Peach Tusk	桃牙剣	Exbite	艾庫斯巴	桃牙剣エクスバイト	auto-wiki
桃牙剣	Peach Tusk	桃牙剣	Exclusive	艾庫斯庫	桃牙剣エクスクロー	auto-wiki
桃牙剣	Peach Tusk	桃牙剣	Exhawk	艾庫斯霍	桃牙剣エクスホーク	auto-wiki
桃牙剣	Peach Tusk	桃牙剣	Exhaken	艾庫斯哈	桃牙剣エクスハーケン	auto-wiki
火竜猛双剣	Flamedirks	火竜猛双剣	Soleil	日輪	火竜猛双剣ソレイユ	auto-wiki
火竜猛双剣	Flamedirks	火竜猛双剣	Shams	烈日	火竜猛双剣シャムス	auto-wiki
火竜猛双剣	Flamedirks	火竜猛双剣	Taian	太陽	火竜猛双剣タイヤン	auto-wiki
火竜猛双剣	Flamedirks	火竜猛双剣	Reflare	再焔	火竜猛双剣リオフレア	auto-wiki
火竜猛銃槍	Flameglance	火竜猛銃槍	Yaftalk	亞弗塔	火竜猛銃槍ヤフタレク	auto-wiki
火竜猛銃槍	Flameglance	火竜猛銃槍	Fotier	火光	火竜猛銃槍フォティア	auto-wiki
火竜猛銃槍	Flameglance	火竜猛銃槍	Feiska	火花	火竜猛銃槍ファイスカ	auto-wiki
火竜猛銃槍	Flameglance	火竜猛銃槍	Leofolga	火龍霧	火竜猛銃槍リオフロガ	auto-wiki
火竜猛鎚	Flameclub	火竜猛鎚	Anatoria	安納托	火竜猛鎚アナトリ	auto-wiki
火竜猛鎚	Flameclub	火竜猛鎚	Joule	焦耳	火竜猛鎚ジュール	auto-wiki
火竜猛鎚	Flameclub	火竜猛鎚	Thian	提安	火竜猛鎚ティアン	auto-wiki
火竜猛鎚	Flameclub	火竜猛鎚	Leoshar	火龍夏	火竜猛鎚リオシャル	auto-wiki
盾蟹剣斧	Aegisaxe	盾蟹剣斧	Astaxe	斧	盾蟹剣斧アスタアクス	auto-wiki
盾蟹剣斧	Aegisaxe	盾蟹剣斧	Astacle	裂斧	盾蟹剣斧アスタスクレ	auto-wiki
盾蟹剣斧	Aegisaxe	盾蟹剣斧	Astaracha	棘斧	盾蟹剣斧アスタアチャ	auto-wiki
盾蟹剣斧	Aegisaxe	盾蟹剣斧	Astamasha	魔斧	盾蟹剣斧アスタマシャ	auto-wiki
盾蟹双剣	Aegismauls	盾蟹双剣	Astaespa	劍	盾蟹双剣アスタエスパ	auto-wiki
盾蟹双剣	Aegismauls	盾蟹双剣	Astaepe	劍鋒	盾蟹双剣アスタエーペ	auto-wiki
盾蟹双剣	Aegismauls	盾蟹双剣	Astaspas	劍雨	盾蟹双剣アスタスパス	auto-wiki
盾蟹双剣	Aegismauls	盾蟹双剣	Astazumo	角力	盾蟹双剣アスタジュモ	auto-wiki
盾蟹笛	Aegishorn	盾蟹笛	Astamelody	旋律	盾蟹笛アスタメロデ	auto-wiki
盾蟹笛	Aegishorn	盾蟹笛	Astasong	歌	盾蟹笛アスタソング	auto-wiki
盾蟹笛	Aegishorn	盾蟹笛	Astasing	唱	盾蟹笛アスタシング	auto-wiki
盾蟹笛	Aegishorn	盾蟹笛	Astadiva	歌姬	盾蟹笛アスタディバ	auto-wiki
蒼翼槍	Azure Wing Ciel	蒼翼槍	Lance	拉恩斯	蒼翼槍シエルランス	auto-wiki
蒼翼槍	Azure Wing Ciel	蒼翼槍	Spear	斯皮阿	蒼翼槍シエルスピア	auto-wiki
蒼翼槍	Azure Wing Ciel	蒼翼槍	Horn	霍恩	蒼翼槍シエルホーン	auto-wiki
蒼翼槍	Azure Wing Ciel	蒼翼槍	Abyss	阿皮斯	蒼翼槍シエルアピス	auto-wiki
覇双	Special Akantor	覇双	Blades	塔魯卡姆	覇双タルカムトルム	auto-wiki
覇双	Special Akantor	覇双	Swords	哈魯卡姆	覇双ハルカムトルム	auto-wiki
覇双	Special Akantor	覇双	Sabers	希魯卡姆	覇双シルカムトルム	auto-wiki
覇双	Special Akantor	覇双	Slicers	阿魯卡姆	覇双アルカムトルム	auto-wiki
覇帝弓	Akantor	覇帝弓	Bow	阿伊卡姆	覇帝弓アイカムトルム	auto-wiki
覇帝弓	Akantor	覇帝弓	Supremacy	卡恩卡姆	覇帝弓カンカムトルム	auto-wiki
覇帝弓	Akantor	覇帝弓	Commandment	庫恩卡姆	覇帝弓クンカムトルム	auto-wiki
覇帝弓	Akantor	覇帝弓	Tyranny	阿希卡姆	覇帝弓アシカムトルム	auto-wiki
雅翁双剣	Inagami Duo	雅翁双剣	Kazahana	阿恩茲	雅翁双剣アンズ	auto-wiki
雅翁双剣	Inagami Duo	雅翁双剣	Petals	阿恩卡姆	雅翁双剣アンカム	auto-wiki
雅翁双剣	Inagami Duo	雅翁双剣	Waning	阿恩里姆	雅翁双剣アンリム	auto-wiki
雅翁双剣	Inagami Duo	雅翁双剣	Thriving	古拉吉拉	雅翁双剣グラジラス	auto-wiki
雅翁太刀	Inagami Edge	雅翁太刀	Heather	艾里卡	雅翁太刀エリカ	auto-wiki
雅翁太刀	Inagami Edge	雅翁太刀	Gazania	加札尼	雅翁太刀ガザニ	auto-wiki
雅翁太刀	Inagami Edge	雅翁太刀	Campanula	卡恩尼尤	雅翁太刀カンニュラ	auto-wiki
雅翁太刀	Inagami Edge	雅翁太刀	Briar	科烏達里	雅翁太刀コウダリア	auto-wiki
雅翁斬鎚	Inagami Spike	雅翁斬鎚	Silane	白蘭	雅翁斬鎚シラン	auto-wiki
雅翁斬鎚	Inagami Spike	雅翁斬鎚	Shakuna	石楠	雅翁斬鎚シャクーナ	auto-wiki
雅翁斬鎚	Inagami Spike	雅翁斬鎚	Orphan	孤雛	雅翁斬鎚オーファン	auto-wiki
雅翁斬鎚	Inagami Spike	雅翁斬鎚	Frigion	寒	雅翁斬鎚フリジオン	auto-wiki
雅翁棍	Inagami Tonfa	雅翁棍	Canna	美人蕉	雅翁棍カンナ	auto-wiki
雅翁棍	Inagami Tonfa	雅翁棍	Guzmania	古茲瑪	雅翁棍グズマ	auto-wiki
雅翁棍	Inagami Tonfa	雅翁棍	Foxglove	毛地黃	雅翁棍ジギリス	auto-wiki
雅翁棍	Inagami Tonfa	雅翁棍	Zephyr	澤弗伊里	雅翁棍ゼフィリア	auto-wiki
雅翁槍	Inagami Pike	雅翁槍	Camellia	椿	雅翁槍ツバキ	auto-wiki
雅翁槍	Inagami Pike	雅翁槍	Adorn	飾	雅翁槍ドラッセ	auto-wiki
雅翁槍	Inagami Pike	雅翁槍	Vibrance	榮	雅翁槍デルニム	auto-wiki
雅翁槍	Inagami Pike	雅翁槍	Chrysanth	菊	雅翁槍ディモルフォ	auto-wiki
雅翁軽弩	Inagami Gun	雅翁軽弩	Thistle	薊	雅翁軽弩アザミ	auto-wiki
雅翁軽弩	Inagami Gun	雅翁軽弩	Nephila	蛛	雅翁軽弩ネフィラ	auto-wiki
雅翁軽弩	Inagami Gun	雅翁軽弩	Namanade	撫	雅翁軽弩ナマナード	auto-wiki
雅翁軽弩	Inagami Gun	雅翁軽弩	Roberis	薔薇	雅翁軽弩ローベリス	auto-wiki
雅翁重弩	Inagami Cannon	雅翁重弩	Nazuna	薺	雅翁重弩ナズナ	auto-wiki
雅翁重弩	Inagami Cannon	雅翁重弩	Biosa	生	雅翁重弩ビオーサ	auto-wiki
雅翁重弩	Inagami Cannon	雅翁重弩	Balsio	芭蕉	雅翁重弩バルジオ	auto-wiki
雅翁重弩	Inagami Cannon	雅翁重弩	Planatas	平花	雅翁重弩プラナタス	auto-wiki
飛炎弓	Queen's	飛炎弓	Melody	里歐托魯	飛炎弓リオトルネード	auto-wiki
飛炎弓	Queen's	飛炎弓	Rhapsody	狂風	飛炎弓リオフォラータ	auto-wiki
飛炎弓	Queen's	飛炎弓	Blitz	里歐布里	飛炎弓リオブリッツ	auto-wiki
魔剣	Dilek Magisword	魔剣	Flame	達伊雷庫	魔剣ダイレク	auto-wiki
魔剣	Dilek Magisword	魔剣	Hellfire	達伊雷庫	魔剣ダイレク	auto-wiki
魔剣	Dilek Magisword	魔剣	Bolt	達伊雷庫	魔剣ダイレク	auto-wiki
魔剣	Dilek Magisword	魔剣	Storm	達伊雷庫	魔剣ダイレク	auto-wiki
岩漿鎧剣	Magma Sword	岩漿鎧剣	Opal	蛋白石	岩漿鎧剣オーパル	auto-wiki
岩漿鎧剣	Magma Sword	岩漿鎧剣	Cornell	紅玉髓	岩漿鎧剣コーネル	auto-wiki
岩漿鎧剣	Magma Sword	岩漿鎧剣	Preniht	葡萄石	岩漿鎧剣プレナイト	auto-wiki
極龍剣斧	Ruko Axe	極龍剣斧	Relambago	雷拉恩巴	極龍剣斧レランバゴ	auto-wiki
極龍剣斧	Ruko Axe	極龍剣斧	Tonit	托尼托	極龍剣斧トニト	auto-wiki
極龍剣斧	Ruko Axe	極龍剣斧	Rambon	拉恩波恩	極龍剣斧ランボン	auto-wiki
極龍双剣	Ruko Twins	極龍双剣	Orugorudo	歐魯戈魯	極龍双剣オルゴルド	auto-wiki
極龍双剣	Ruko Twins	極龍双剣	Zoroto	佐羅托	極龍双剣ゾロト	auto-wiki
極龍双剣	Ruko Twins	極龍双剣	Aurumu	阿烏魯姆	極龍双剣アウルム	auto-wiki
極龍弓	Ruko Bow	極龍弓	Ekure	艾庫雷	極龍弓エクレー	auto-wiki
極龍弓	Ruko Bow	極龍弓	Robon	羅邦	極龍弓トロボン	auto-wiki
極龍弓	Ruko Bow	極龍弓	Fulgur	弗魯古魯	極龍弓フルグル	auto-wiki
極龍斬鎚	Ruko Spike	極龍斬鎚	Baglio	巴古里歐	極龍斬鎚バグリオ	auto-wiki
極龍斬鎚	Ruko Spike	極龍斬鎚	Own	歐烏恩	極龍斬鎚オウン	auto-wiki
極龍斬鎚	Ruko Spike	極龍斬鎚	Incru	伊恩庫里	極龍斬鎚インクリ	auto-wiki
極龍棍	Ruko Tonfa	極龍棍	Ranho	拉恩霍	極龍棍ランホ	auto-wiki
極龍棍	Ruko Tonfa	極龍棍	Dien	德伊艾恩	極龍棍ディエン	auto-wiki
極龍棍	Ruko Tonfa	極龍棍	Futera	弗特拉	極龍棍フテラ	auto-wiki
極龍砲	Ruko Hbg	極龍砲	Saetta	薩艾塔	極龍砲サエッタ	auto-wiki
極龍砲	Ruko Hbg	極龍砲	Saika	薩伊卡	極龍砲サイカ	auto-wiki
極龍砲	Ruko Hbg	極龍砲	Raio	拉伊歐	極龍砲ライオ	auto-wiki
極龍笛	Ruko Whistle	極龍笛	Trueno	托魯艾諾	極龍笛トルエノ	auto-wiki
極龍笛	Ruko Whistle	極龍笛	Guom	古羅姆	極龍笛グロム	auto-wiki
極龍笛	Ruko Whistle	極龍笛	Raad	拉阿多	極龍笛ラアド	auto-wiki
絶爆狼刀	Mido Reaper	絶爆狼刀	Potenza	波特恩茨	絶爆狼刀ポテンツァ	auto-wiki
絶爆狼刀	Mido Reaper	絶爆狼刀	Ambition	托莫弗	絶爆狼刀トモーフ	auto-wiki
絶爆狼刀	Mido Reaper	絶爆狼刀	Vitesse	弗伊特斯	絶爆狼刀ヴィテス	auto-wiki
絶爆狼大剣	Mido Buster	絶爆狼大剣	Atefa	阿特弗阿	絶爆狼大剣アテファ	auto-wiki
絶爆狼大剣	Mido Buster	絶爆狼大剣	Engineer	艾恩吉阿	絶爆狼大剣エンジア	auto-wiki
絶爆狼大剣	Mido Buster	絶爆狼大剣	Tenacity	特納希特	絶爆狼大剣テナシテ	auto-wiki
絶爆狼斬鎚	Mido Spike	絶爆狼斬鎚	Frenzy	弗雷恩吉	絶爆狼斬鎚フレンジー	auto-wiki
絶爆狼斬鎚	Mido Spike	絶爆狼斬鎚	Etincelle	艾塔恩塞	絶爆狼斬鎚エタンセル	auto-wiki
絶爆狼斬鎚	Mido Spike	絶爆狼斬鎚	Scintilla	希恩特伊	絶爆狼斬鎚シンティラ	auto-wiki
絶爆狼棍	Mido Tonfa	絶爆狼棍	Sieger	茲伊加	絶爆狼棍ズイガ	auto-wiki
絶爆狼棍	Mido Tonfa	絶爆狼棍	Fuzz	弗阿茲	絶爆狼棍ファズ	auto-wiki
絶爆狼棍	Mido Tonfa	絶爆狼棍	Sika	希卡	絶爆狼棍シーカ	auto-wiki
絶爆狼笛	Mido Spear	絶爆狼笛	Fame	希弗阿	絶爆狼笛ヒヴア	auto-wiki
絶爆狼笛	Mido Spear	絶爆狼笛	Honoured	阿羅恩	絶爆狼笛アロン	auto-wiki
絶爆狼笛	Mido Spear	絶爆狼笛	Glorious	索里托	絶爆狼笛ソリト	auto-wiki
絶爆狼軽弩	Ex Burstwolf Lbg	絶爆狼軽弩	Bestin	貝斯特	絶爆狼軽弩ベステ	auto-wiki
絶爆狼軽弩	Ex Burstwolf Lbg	絶爆狼軽弩	Washu	瓦希尤	絶爆狼軽弩ワシュ	auto-wiki
絶爆狼軽弩	Ex Burstwolf Lbg	絶爆狼軽弩	Kuteno	庫特諾	絶爆狼軽弩クテノ	auto-wiki
邪眼大剣	Evil Eve Blade	邪眼大剣	Danesue	達涅斯艾	邪眼大剣ダネスェ	auto-wiki
邪眼大剣	Evil Eve Blade	邪眼大剣	Regakena	雷加凱納	邪眼大剣レガケナ	auto-wiki
邪眼大剣	Evil Eve Blade	邪眼大剣	Kaiti	卡伊特伊	邪眼大剣カィティ	auto-wiki
岩漿鎧剣	Magma Sword	岩漿鎧剣	Arget	銀輝	岩漿鎧剣アーゲト	manual-broken-quote
