id,category,source_jp,source_en,target_zh_tw,wilds_ref,frontier_only,register,display_ok,fallback_glyph,notes,approved,review_flag
WEA001,weapon_type,大剣,Great Sword / GS,大劍,大劍,N,ui,Y,,武器種｜縮寫 GS,Y,
WEA002,weapon_type,太刀,Long Sword / LS,太刀,太刀,N,ui,Y,,武器種｜縮寫 LS,Y,
WEA003,weapon_type,片手剣,Sword & Shield / SnS,單手劍,單手劍,N,ui,Y,,武器種｜縮寫 SnS,Y,
WEA004,weapon_type,双剣,Dual Blades / DS,雙劍,雙劍,N,ui,Y,,武器種｜縮寫 DS,Y,
WEA005,weapon_type,ハンマー,Hammer,大錘,大錘,N,ui,Y,,武器種｜印章／魂等與大錘對齊,Y,
WEA006,weapon_type,狩猟笛,Hunting Horn / HH,狩獵笛,狩獵笛,N,ui,Y,,武器種｜縮寫 HH,Y,
WEA007,weapon_type,ランス,Lance,長槍,長槍,N,ui,Y,,武器種,Y,
WEA008,weapon_type,ガンランス,Gunlance / GL,銃槍,銃槍,N,ui,Y,,武器種｜縮寫 GL,Y,
WEA009,weapon_type,スラッシュアックス,Switch Axe,斬擊斧,斬擊斧,N,ui,Y,斬撃斧,武器種,Y,
WEA010,weapon_type,チャージアックス,Charge Blade,充能斧,充能斧,N,ui,Y,,武器種,Y,
WEA011,weapon_type,操虫棍,Insect Glaive,操蟲棍,操蟲棍,N,ui,Y,,武器種,Y,
WEA012,weapon_type,弓,Bow,弓,弓,N,ui,Y,,武器種,Y,
WEA013,weapon_type,ライトボウガン,Light Bowgun / LBG,輕弩,輕弩,N,ui,Y,,武器種｜縮寫 LBG,Y,
WEA014,weapon_type,ヘヴィボウガン,Heavy Bowgun / HBG,重弩,重弩,N,ui,Y,,武器種｜縮寫 HBG,Y,
WEA015,weapon_type,穿龍棍,Tonfa,穿龍棍,,Y,ui,Y,,武器種｜禁誤作穿刺棍,Y,
WEA016,weapon_type,磁斬撃,Magnet Spike / MS,磁斬槌,,Y,ui,Y,,Frontier 武器｜縮寫 MS；禁誤作磁界銃,Y,
SYS001,system,クエスト,Quest,任務,任務,N,system,Y,,系統,Y,
SYS002,system,ギルド,Guild,公會,公會,N,system,Y,,系統,Y,
SYS003,system,ハンター,Hunter,獵人,獵人,N,ui,Y,,系統,Y,
SYS004,system,武器,Weapon,武器,武器,N,ui,Y,,系統,Y,
SYS005,system,防具,Armor,防具,防具,N,ui,Y,,系統,Y,
SYS006,system,スキル,Skill,技能,技能,N,ui,Y,,系統,Y,
SYS007,system,アイテム,Item,道具,道具,N,ui,Y,,系統,Y,
SYS008,system,アイテムボックス,Item Box,道具箱,道具箱,N,ui,Y,,系統,Y,
SYS009,system,鍛冶屋,Smithy,鍛造屋,鍛造屋,N,ui,Y,,系統,Y,
SYS010,system,食堂,Canteen,食堂,食堂,N,ui,Y,,系統,Y,
SYS011,system,集会所,Gathering Hub,集會所,集會所,N,ui,Y,,系統,Y,
SYS012,system,キャンプ,Camp,營地,營地,N,ui,Y,,系統,Y,
SYS013,system,マップ,Map,地圖,地圖,N,ui,Y,,系統,Y,
SYS014,system,チャット,Chat,聊天,聊天,N,system,Y,,系統,Y,
SYS015,system,パーティー,Party,隊伍,隊伍,N,system,Y,,系統,Y,
SYS016,system,ロビー,Lobby,大廳,大廳,N,system,Y,,系統,Y,
SYS017,system,HR,HR,HR,HR,N,ui,Y,,系統,Y,
SYS018,system,アイルー,Felyne,艾路貓,艾路,N,npc,Y,艾路猫,系統,Y,
SYS019,system,メラルー,Melynx,梅拉路,梅拉路,N,npc,Y,,系統,Y,
SYS020,system,オトモ,Buddy / Palico,隨從,隨從,N,ui,Y,,系統,Y,
SYS021,system,肉質,Hitzone,肉質,肉質,N,system,Y,,系統,Y,
SYS022,system,属性,Element,屬性,屬性,N,system,Y,,系統,Y,
SYS023,system,火,Fire,火,火,N,ui,Y,,系統,Y,
SYS024,system,水,Water,水,水,N,ui,Y,,系統,Y,
SYS025,system,雷,Thunder,雷,雷,N,ui,Y,,系統,Y,
SYS026,system,氷,Ice,冰,冰,N,ui,Y,,系統,Y,
SYS027,system,龍,Dragon,龍,龍,N,ui,Y,,系統,Y,
SYS028,system,毒,Poison,毒,毒,N,ui,Y,,系統,Y,
SYS029,system,麻痺,Paralysis,麻痺,麻痺,N,ui,Y,,系統,Y,
SYS030,system,睡眠,Sleep,睡眠,睡眠,N,ui,Y,,系統,Y,
SYS031,system,爆破,Blast,爆破,爆破,N,ui,Y,,系統,Y,
SYS032,system,気絶,Stun,昏厥,昏厥,N,system,Y,,系統,Y,
SYS033,system,切れ味,Sharpness,鋒利度,鋒利度,N,ui,Y,,系統｜日文亦作斬れ味,Y,
SYS034,system,会心率,Affinity,會心率,會心率,N,ui,Y,,系統,Y,
SYS035,system,防御力,Defense,防禦力,防禦力,N,ui,Y,,系統,Y,
SYS036,system,攻撃力,Attack,攻擊力,攻擊力,N,ui,Y,攻撃力,系統,Y,
SYS037,system,成功,Success,成功,成功,N,system,Y,,系統,Y,
SYS038,system,失敗,Failure,失敗,失敗,N,system,Y,,系統,Y,
SYS039,system,制限時間,Time Limit,限制時間,限制時間,N,system,Y,,系統,Y,
SYS040,system,報酬,Reward,報酬,報酬,N,system,Y,,系統,Y,
SYS041,system,納品,Deliver,交貨,交貨,N,system,Y,,系統,Y,
SYS042,system,討伐,Hunt / Slay,討伐,討伐,N,system,Y,,系統,Y,
SYS043,system,捕獲,Capture,捕獲,捕獲,N,system,Y,,系統,Y,
FSY001,frontier_system,GR,GR,GR,,Y,ui,Y,,系統,Y,
FSY002,frontier_system,G級,G-Rank,G級,,Y,system,Y,,系統,Y,
FSY003,frontier_system,剛種,Hardcore / HC,剛種,,Y,system,Y,,系統,Y,
FSY004,frontier_system,烈種,Violent Species,烈種,,Y,system,Y,,系統,Y,
FSY005,frontier_system,始種,Origin Species,始種,,Y,system,Y,,系統,Y,
FSY006,frontier_system,遷悠種,Unknown Species,遷悠種,,Y,system,Y,,系統,Y,
FSY007,frontier_system,極位,Zenith,極位,,Y,system,Y,,系統,Y,
FSY008,frontier_system,天廊,Tower,天廊,,Y,system,Y,,系統,Y,
FSY009,frontier_system,狩煉道,Hunter's Road,狩煉道,,Y,system,Y,,系統,Y,
FSY010,frontier_system,歌姫,Diva,歌姬,,Y,npc,Y,歌姫,系統,Y,
FSY011,frontier_system,メゼポルタ,Mezeporta,梅傑波爾塔,,Y,place,Y,,系統,Y,
FSY012,frontier_system,辿異種,Teni / Transcendent,辿異種,,Y,system,Y,,台服,Y,
FSY013,frontier_system,辿異スキル,Teni Skill,辿異技能,,Y,system,Y,,台服,Y,
FSY014,frontier_system,辿異武器,Teni Weapon,辿異武器,,Y,system,Y,,台服,Y,
FSY015,frontier_system,辿異防具,Teni Armor,辿異防具,,Y,system,Y,,台服,Y,
FSY016,frontier_system,辿異クエスト,Teni Quest,辿異任務,,Y,system,Y,,台服,Y,
FSY017,frontier_system,発達部位,Developed Part,發達部位,,Y,system,Y,,台服,Y,
FMO001,frontier_monster,,Espinas,棘龍,,Y,ui,Y,,台服｜含防具常見縮寫,Y,
FMO002,frontier_monster,,Pariapuria / Paria,吞龍,,Y,ui,Y,呑龍,台服｜縮寫 Paria；禁音譯,Y,
FMO003,frontier_monster,,Raviente / Ravi,大巖龍,,Y,ui,Y,,台服｜縮寫 Ravi；禁誤作烈海龍,Y,
FMO004,frontier_monster,エスピナス亜種,Orange Espinas / B.Espinas,棘茶龍,,Y,ui,Y,,台服｜含防具常見縮寫,Y,
FMO005,frontier_monster,エスピナス希少種,White Espinas / W.Espi,棘白龍,,Y,ui,Y,,台服｜縮寫 W.Espi,Y,
FMO006,frontier_monster,ヒプノック,Hypnocatrice / Hypnoc,眠鳥,,Y,ui,Y,,台服｜含防具常見縮寫,Y,
FMO007,frontier_monster,ヒプノック繁殖期,Breeding Season Hypnoc / S.Hypnoc,蒼眠鳥,,Y,ui,Y,,台服｜含防具常見縮寫,Y,
FMO008,frontier_monster,ラヴィエンテ猛狂,Violent Raviente,猛狂大巖龍,,Y,ui,Y,,台服,Y,
FMO009,frontier_monster,アクラ・ヴァシム,Akura Vashimu / Akura / Vash / Vashimu,尾晶蠍,,Y,ui,Y,,台服｜縮寫 Akura／Vash／Vashimu,Y,
FMO010,frontier_monster,アクラ・ジェビア,Akura Jebia,灰晶蠍,,Y,ui,Y,,台服,Y,
FMO011,frontier_monster,アノルパティス,Anorupatisu,暴鋸龍,,Y,ui,Y,,台服,Y,
FMO012,frontier_monster,ポカラ,Pokara,凍冰獸,,Y,ui,Y,,台服｜雌／幼；別名同凍海獸,Y,
FMO013,frontier_monster,ポカラドン,Pokaradon,凍海獸,,Y,ui,Y,,台服｜成體雄（ポカラドン）,Y,
FMO014,frontier_monster,ミドガロン,Midogaron / Mido,爆狼,,Y,ui,Y,,台服｜縮寫 Mido,Y,
FMO015,frontier_monster,ギアオルグ,Giaorugu,冰獰龍,,Y,ui,Y,,台服,Y,
FMO016,frontier_monster,アビオルグ,Abiorugu / Abi,獰龍,,Y,ui,Y,,台服｜縮寫 Abi,Y,
FMO017,frontier_monster,ガスラバズラ,Gasurabazura,怒貌龍,,Y,ui,Y,,台服,Y,
FMO018,frontier_monster,ベルキュロス,Berukyurosu / Beru,舞雷龍,,Y,ui,Y,,台服｜含防具常見縮寫,Y,
FMO019,frontier_monster,ドラギュロス,Doragyurosu,冥雷龍,,Y,ui,Y,,台服,Y,
FMO020,frontier_monster,ヒュジキキ,Hyujikiki / Hyuji,針纏龍,,Y,ui,Y,,台服｜縮寫 Hyuji,Y,
FMO021,frontier_monster,クアルセプス,Kuarusepusu / Kuaru,晶龍,,Y,ui,Y,,台服｜縮寫 Kuaru；禁誤作水砦龍（Gureadomosu）,Y,
FMO022,frontier_monster,オディバトラス,Odibatorasu / Odi,弩岩龍,,Y,ui,Y,,台服｜縮寫 Odi；禁音譯歐迪／奧迪,Y,
FMO023,frontier_monster,トリドクレス,Toridcless,照雷鳥,,Y,ui,Y,,台服,Y,
FMO024,frontier_monster,バルラガル,Baruragaru,噬血龍,,Y,ui,Y,,台服,Y,
FMO025,frontier_monster,ミ・ル,Mi Ru,黑狐龍,,Y,ui,Y,,台服,Y,
FMO026,frontier_monster,ディスフィロア,Disufiroa,熾凍龍,,Y,ui,Y,,台服,Y,
FMO027,frontier_monster,シャンティエン,Shantien / Shanthien,天翔龍,,Y,ui,Y,,台服｜縮寫 Shantien／Shanthien；禁誤作山天,Y,
FMO028,frontier_monster,エルゼリオン,Elzelion,灼零龍,,Y,ui,Y,,台服,Y,
FMO029,frontier_monster,ゼルレウス,Zerureusu / Zeru,輝界龍,,Y,ui,Y,,台服｜縮寫 Zeru,Y,
FMO030,frontier_monster,メラギナス,Meraginasu / Mera,黑穿龍,,Y,ui,Y,,台服｜縮寫 Mera；禁音譯梅拉,Y,
FMO031,frontier_monster,ディオレックス,Diorekkusu / Diorex,雷轟龍,,Y,ui,Y,,台服｜縮寫 Diorex；禁誤作電龍（Astalos／Khezu）,Y,
FMO032,frontier_monster,グレアドモス,Gureadomosu,水砦龍,,Y,ui,Y,,台服｜勿與 Kuaru／晶龍混淆,Y,
FMO033,frontier_monster,ポボルバルム,Poborubarumu,創音龍,,Y,ui,Y,,台服,Y,
FMO034,frontier_monster,ヴァルサブロス,Varusaburosu,炎角龍,,Y,ui,Y,,台服,Y,
FMO035,frontier_monster,ヴォージャン,Voljang,紅蓮獅子,,Y,ui,Y,,台服,Y,
FMO036,frontier_monster,ゼナセリス,Zenaserisu,裂水龍,,Y,ui,Y,,台服,Y,
FMO037,frontier_monster,ケオアルボル,Keoaruboru,焰嶽龍,,Y,ui,Y,焔嶽龍,台服,Y,
FMO038,frontier_monster,タイクンザムザ,Taikun Zamuza / Taikun / Zamuza,多殼蟹,,Y,ui,Y,,台服｜縮寫 Taikun／Zamuza；禁誤作盾蟹／砦蟹,Y,
FMO039,monster,ハプルボッカ,Nibelsnarf / Hapulubokka,潛口龍,,N,ui,Y,,系列,Y,
FMO040,frontier_monster,ウルキー,Uruki,貓頭猿,,Y,ui,Y,猫頭猿,台服,Y,
FMO041,frontier_monster,ゴウガルフ,Gougarf,鬥獸,,Y,ui,Y,,台服,Y,
FMO042,frontier_monster,グァンゾルム,Guanzorumu,帝征龍,,Y,ui,Y,,台服,Y,
FMO043,frontier_monster,アルガノス,Aruganosu,白銀魚龍,,Y,ui,Y,,台服,Y,
FMO044,frontier_monster,ゴルガノス,Goruganosu,黃金魚龍,,Y,ui,Y,黄金魚龍,台服,Y,
FMO045,frontier_monster,フォロクルル,Forokururu,華鳳鳥,,Y,ui,Y,,台服,Y,
FMO046,frontier_monster,レビディオラ,Rebidiora,雷極龍,,Y,ui,Y,,台服,Y,
FMO047,frontier_monster,ヒプノック希少種,Silver Hypnocatrice,白眠鳥,,Y,ui,Y,,台服,Y,
FMO048,frontier_monster,イナガミ,Inagami,雅翁龍,,Y,ui,Y,,台服,Y,
FMO049,frontier_monster,ボガバドール,Bogabadorumu,爆霧龍,,Y,ui,Y,,台服,Y,
FMO050,frontier_monster,ドゥレムディラ,Duremudira,皇冰龍,,Y,ui,Y,,台服,Y,
FMO051,frontier_monster,カム・オルガロン,Kamu Orugaron,響狼,,Y,ui,Y,,台服,Y,
FMO052,frontier_monster,ノノ・オルガロン,Nono Orugaron,雌響狼,,Y,ui,Y,,台服,Y,
FMO053,frontier_monster,ゴゴモア,Gogomoa,跳緋獸,,Y,ui,Y,,台服,Y,
FMO054,frontier_monster,デュラガウア,Duragaua / Dyuragaua / Dyura,冰狐龍,,Y,ui,Y,,台服｜縮寫 Dyura／Dyuragaua；禁誤作氷獰龍,Y,
FMO055,frontier_monster,グレンゼブル,Gurenzeburu,蠻龍,,Y,ui,Y,,台服,Y,
FMO056,frontier_monster,ルコディオラ,Rukodiora,極龍,,Y,ui,Y,,台服,Y,
FMO057,frontier_monster,ガルバダオラ,Garuba Daora / Garuba,金塵龍,,Y,ui,Y,,台服｜縮寫 Garuba,Y,
FMO058,frontier_monster,ハルドメルグ,Harudomerugu / Harudo,司銀龍,,Y,ui,Y,,台服｜縮寫 Harudo,Y,
FMO059,frontier_monster,ヤマクライ,Yama Kurai,浮峰龍,,Y,ui,Y,,台服,Y,
FMO060,frontier_monster,トア・テスカトラ,Toa Tesukatora / Toa,凍王龍,,Y,ui,Y,,台服｜縮寫 Toa；禁誤作砦蟹／多殼蟹,Y,
FMO061,frontier_monster,ファルノック,Farunokku,傾雷鳥,,Y,ui,Y,,台服,Y,
FMO062,frontier_monster,辿異種ドドブランゴ,Teni Dodoblanco / Blangonga,辿異種‧雪獅子王,,Y,ui,Y,辿異種・雪獅子王,台服,Y,
FMO063,frontier_monster,辿異種ミドガロン,Teni Midogaron,辿異種‧爆狼,,Y,ui,Y,辿異種・爆狼,台服,Y,
FMO064,frontier_monster,辿異種ヒプノック,Teni Hypnocatrice,辿異種‧眠鳥,,Y,ui,Y,辿異種・眠鳥,台服,Y,
FMO065,frontier_monster,辿異種ガノトトス,Teni Plesioth,辿異種‧水龍,,Y,ui,Y,辿異種・水龍,台服,Y,
FMO066,frontier_monster,辿異種リオレウス,Teni Rathalos,辿異種‧火龍,,Y,ui,Y,辿異種・火龍,台服,Y,
FMO067,frontier_monster,辿異種フルフル,Teni Khezu,辿異種‧電龍,,Y,ui,Y,辿異種・電龍,台服,Y,
FMO068,frontier_monster,辿異種ティガレックス,Teni Tigrex,辿異種‧轟龍,,Y,ui,Y,辿異種・轟龍,台服,Y,
FMO069,frontier_monster,辿異種エスピナス,Teni Espinas,辿異種‧棘龍,,Y,ui,Y,辿異種・棘龍,台服,Y,
FMO070,frontier_monster,辿異種ヒュジキキ,Teni Hyujikiki,辿異種‧針纏龍,,Y,ui,Y,辿異種・針纏龍,台服,Y,
FMO071,frontier_monster,辿異種ダイミョウザザミ,Teni Daimyo Hermitaur,辿異種‧大名蟹,,Y,ui,Y,辿異種・大名蟹,台服,Y,
FMO072,frontier_monster,辿異種アクラ・ヴァシム,Teni Akura Vashimu,辿異種‧尾晶蠍,,Y,ui,Y,辿異種・尾晶蠍,台服,Y,
FMO073,frontier_monster,辿異種ギアオルグ,Teni Giaorugu,辿異種‧冰獰龍,,Y,ui,Y,辿異種・冰獰龍,台服,Y,
FMO074,frontier_monster,辿異種ルコディオラ,Teni Rukodiora,辿異種‧極龍,,Y,ui,Y,辿異種・極龍,台服,Y,
FMO075,frontier_monster,辿異種イナガミ,Teni Inagami,辿異種‧雅翁龍,,Y,ui,Y,辿異種・雅翁龍,台服,Y,
MON001,monster,,Akantor,霸龍,霸龍,N,ui,Y,,系列,Y,
MON002,monster,,Barioth,冰牙龍,冰牙龍,N,ui,Y,,系列,Y,
MON003,monster,,Basarios,岩龍,岩龍,N,ui,Y,,系列,Y,
MON004,monster,,Blango,雪獅子,雪獅子,N,ui,Y,,系列,Y,
MON005,monster,,Brachydios,碎龍,碎龍,N,ui,Y,,系列,Y,
MON006,monster,,Bullfango,野豬,野豬,N,ui,Y,,系列,Y,
MON007,monster,,Ceanataur,鐮蟹,鐮蟹,N,ui,Y,鎌蟹,系列｜暫用鎌（fallback）；日後可能改回鐮,Y,
MON008,monster,,Chameleos,霞龍,霞龍,N,ui,Y,,系列,Y,
MON009,monster,,Conga,桃毛獸,桃毛獸,N,ui,Y,,系列,Y,
MON010,monster,,Daimyo,大名盾蟹,大名盾蟹,N,ui,Y,,系列,Y,
MON011,monster,,Deviljho,恐暴龍,恐暴龍,N,ui,Y,,系列,Y,
MON012,monster,,Diablos,角龍,角龍,N,ui,Y,,系列,Y,
MON013,monster,,Fatalis,黑龍,黑龍,N,ui,Y,,系列,Y,
MON014,monster,,Felyne,艾路貓,艾路,N,ui,Y,艾路猫,系列,Y,
MON015,monster,,Garuga,黑狼鳥,黑狼鳥,N,ui,Y,,系列,Y,
MON016,monster,,Geno,黃速龍,黃速龍,N,ui,Y,黄速龍,系列,Y,
MON017,monster,,Giaprey,白速龍,白速龍,N,ui,Y,,系列,Y,
MON018,monster,,Gravios,鎧龍,鎧龍,N,ui,Y,,系列,Y,
MON019,monster,,Gypceros / Gyp.,毒怪鳥,毒怪鳥,N,ui,Y,,系列｜縮寫 Gyp.；禁誤作屍,Y,
MON020,monster,,Hermitaur,盾蟹,盾蟹,N,ui,Y,,系列,Y,
MON021,monster,,Hornetaur,巨甲蟲,巨甲蟲,N,ui,Y,,系列,Y,
MON022,monster,,Ioprey,紅速龍,紅速龍,N,ui,Y,,系列,Y,
MON023,monster,,Kelbi,精靈鹿,精靈鹿,N,ui,Y,,系列,Y,
MON024,monster,,Khezu,奇怪龍,奇怪龍,N,ui,Y,,系列,Y,
MON025,monster,,Kirin,麒麟,麒麟,N,ui,Y,,系列,Y,
MON026,monster,,Kushala,鋼龍,鋼龍,N,ui,Y,,系列,Y,
MON027,monster,,Kut-Ku,怪鳥,怪鳥,N,ui,Y,,系列,Y,
MON028,monster,,Lavasioth,熔岩龍,熔岩龍,N,ui,Y,,系列,Y,
MON029,monster,,Lunastra,炎妃龍,炎妃龍,N,ui,Y,,系列,Y,
MON030,monster,,Melynx,梅拉路,梅拉路,N,ui,Y,,系列,Y,
MON031,monster,,Monoblos,一角龍,一角龍,N,ui,Y,,系列,Y,
MON032,monster,,Mosswine,菌豬,蘑菇豬,N,ui,Y,,系列｜台服亦作菌豬｜定稿菌豬（字型）,Y,
MON033,monster,,Nargacuga,迅龍,迅龍,N,ui,Y,,系列,Y,
MON034,monster,,Plesioth,水龍,水龍,N,ui,Y,,系列,Y,
MON035,monster,,Popo,波波,波波,N,ui,Y,,系列,Y,
MON036,monster,,Rajang,金獅子,金獅子,N,ui,Y,,系列,Y,
MON037,monster,,Rathalos,雄火龍,雄火龍,N,ui,Y,,系列,Y,
MON038,monster,,Rathian,雌火龍,雌火龍,N,ui,Y,,系列,Y,
MON039,monster,,Remobra,翼蛇龍,翼蛇龍,N,ui,Y,,系列｜台服亦作蛇龍,Y,
MON040,monster,,Shakalaka,奇面族,奇面族,N,ui,Y,,系列,Y,
MON041,monster,,Shogun,將軍鐮蟹,將軍鐮蟹,N,ui,Y,將軍鎌蟹,系列｜暫用鎌（fallback）；日後可能改回鐮,Y,
MON042,monster,,Teostra,炎王龍,炎王龍,N,ui,Y,,系列,Y,
MON043,monster,,Tigrex,轟龍,轟龍,N,ui,Y,,系列,Y,
MON044,monster,,Uragaan,爆錘龍,爆錘龍,N,ui,Y,,系列,Y,
MON045,monster,,Veloci,藍速龍,藍速龍,N,ui,Y,,系列,Y,
MON046,monster,,Vespoid,巨蜂,巨蜂,N,ui,Y,,系列,Y,
MON047,monster,,Zinogre,雷狼龍,雷狼龍,N,ui,Y,,系列,Y,
MON048,monster,ゴア・マガラ,Gore Magala,黑蝕龍,黑蝕龍,N,ui,Y,,系列,Y,
MON049,monster,シャガルマガラ,Shagaru Magala,天迴龍,天迴龍／天彗龍,N,ui,Y,,系列,Y,
MON050,monster,アマツマガツチ,Amatsu,嵐龍,嵐龍,N,ui,Y,,系列,Y,
MON051,monster,アルセルタス,Seltas,徹甲蟲,徹甲蟲,N,ui,Y,,系列,Y,
MON052,monster,セルタス女王,Seltas Queen,重甲蟲,重甲蟲,N,ui,Y,,系列,Y,
MON053,monster,ネルスキュラ,Nerscylla,影蜘蛛,影蜘蛛,N,ui,Y,,系列,Y,
MON054,monster,ガララアジャラ,Kecha Wacha,奇猿狐,奇猿狐,N,ui,Y,,系列,Y,
MON055,monster,テツカブラ,Tetsucabra,鬼蛙,鬼蛙,N,ui,Y,,系列,Y,
MON056,monster,ザボアザギル,Zamtrios,冰鮫鯊,鬼鮫,N,ui,Y,,系列,Y,
MON057,monster,ホロロホルル,Malfestio,夜鳥,夜鳥,N,ui,Y,,系列,Y,
MON058,monster,ディノバルド,Glavenus,斬龍,斬龍,N,ui,Y,,系列,Y,
MON059,monster,ライゼクス,Astalos,電龍,電龍,N,ui,Y,,系列,Y,
MON060,monster,タマミツネ,Mizutsune,泡狐龍,泡狐龍,N,ui,Y,,系列,Y,
MON061,monster,ガムート,Gammoth,巨獸,巨獸,N,ui,Y,,系列,Y,
MON062,monster,バルファルク,Valstrax,天彗龍,天彗龍,N,ui,Y,,系列,Y,
MON063,monster,イャンクック,Yian Kut-Ku,怪鳥,怪鳥,N,ui,Y,,系列,Y,
MON064,monster,イャンガルルガ,Yian Garuga,黑狼鳥,黑狼鳥,N,ui,Y,,系列,Y,
MON065,monster,ドスランポス,Velocidrome,藍速龍王,藍速龍王,N,ui,Y,,系列,Y,
MON066,monster,ドスゲネポス,Gendrome,黃速龍王,黃速龍王,N,ui,Y,黄速龍王,系列,Y,
MON067,monster,ドスイーオス,Iodrome,紅速龍王,紅速龍王,N,ui,Y,,系列,Y,
MON068,monster,ドスギアノス,Giadrome,白速龍王,白速龍王,N,ui,Y,,系列,Y,
MON069,monster,ケルトビスク,Cephalos,砂龍,砂龍,N,ui,Y,,系列,Y,
MON070,monster,リオレウス希少種,Silver Rathalos / S.Rath,銀火龍,銀火龍,N,ui,Y,,系列｜縮寫 S.Rath,Y,
MON071,monster,リオレイア希少種,Gold Rathian,金火龍,金火龍,N,ui,Y,,系列,Y,
MON072,monster,リオレウス亜種,Azure Rathalos,蒼火龍,蒼火龍,N,ui,Y,,系列,Y,
MON073,monster,リオレイア亜種,Pink Rathian,櫻火龍,櫻火龍,N,ui,Y,,系列,Y,
MON074,monster,クシャルダオラ,Kushala Daora,鋼龍,鋼龍,N,ui,Y,,系列,Y,
MON075,monster,老山龍,Lao-Shan Lung,老山龍,老山龍,N,ui,Y,,系列,Y,
MON076,monster,ヤマツカミ,Yama Tsukami,山神龍,山神龍,N,ui,Y,,系列,Y,
MON077,monster,シェンガオレン,Shen Gaoren,砦蟹,砦蟹,N,ui,Y,,系列,Y,
MON078,monster,ボルボロス,Barroth,土砂龍,土砂龍,N,ui,Y,,系列,Y,
MON079,monster,アグナコトル,Agnaktor,炎戈龍,炎戈龍,N,ui,Y,,系列,Y,
MON080,monster,ジンオウガ亜種,Stygian Zinogre / S.Zin,獄狼龍,獄狼龍,N,ui,Y,,系列｜縮寫 S.Zin；禁誤作雷狼龍（Zinogre）,Y,
MON081,monster,ティガレックス亜種,Brute Tigrex,黑轟龍,黑轟龍,N,ui,Y,,系列,Y,
MON082,monster,ナルガクルガ亜種,Green Nargacuga,綠迅龍,綠迅龍,N,ui,Y,,系列,Y,
MON083,monster,ウカムルバス,Ukanlos,崩龍,崩龍,N,ui,Y,,系列,Y,
MON084,monster,ドボルベルク,Duramboros,尾錘龍,尾錘龍,N,ui,Y,,系列,Y,
ITE001,item,回復薬,Potion,回復藥,回復藥,N,ui,Y,,道具,Y,
ITE002,item,回復薬グレート,Mega Potion,回復藥．大,回復藥．大,N,ui,Y,,道具,Y,
ITE003,item,解毒薬,Antidote,解毒藥,解毒藥,N,ui,Y,,道具,Y,
ITE004,item,冷却飲料,Cool Drink,冷飲,冷卻飲料,N,ui,Y,,道具,Y,
ITE005,item,保温飲料,Hot Drink,熱飲,保溫飲料,N,ui,Y,,道具,Y,
ITE006,item,鬼人薬,Demondrug,鬼人藥,鬼人藥,N,ui,Y,,道具,Y,
ITE007,item,硬化薬,Armorskin,硬化藥,硬化藥,N,ui,Y,,道具,Y,
ITE008,item,力の護符,Powercharm,力量護符,力量護符,N,ui,Y,,道具,Y,
ITE009,item,守りの護符,Armorcharm,守護護符,守護護符,N,ui,Y,,道具,Y,
ITE010,item,力の爪,Powertalon,力量之爪,力量之爪,N,ui,Y,,道具,Y,
ITE011,item,守りの爪,Armortalon,守護之爪,守護之爪,N,ui,Y,,道具,Y,
ITE012,item,砥石,Whetstone,砥石,砥石,N,ui,Y,,道具,Y,
ITE013,item,捕獲用麻酔玉,Tranq Bomb,捕獲用麻醉球,捕獲用麻醉球,N,ui,Y,,道具,Y,
ITE014,item,落とし穴,Pitfall Trap,落穴罠,陷阱,N,ui,Y,,道具｜暫用罠；日後可能改回陷阱系,Y,
ITE015,item,シビレ罠,Shock Trap,麻痺罠,麻痺陷阱,N,ui,Y,,道具｜暫用罠；日後可能改回陷阱系,Y,
ITE016,item,生肉,Raw Meat,生肉,生肉,N,ui,Y,,道具,Y,
ITE017,item,,Herbal Medicine,漢方藥,漢方藥,N,ui,Y,,道具,Y,
ITE018,item,,Max Potion,萬能藥,萬能藥,N,ui,Y,,道具,Y,
ITE019,item,,Ancient Potion,秘藥,秘藥,N,ui,Y,,道具,Y,
ITE020,item,,Well-done Steak,熟肉,熟牛排,N,ui,Y,,道具,Y,
ITE021,item,,Rare Steak,半熟肉,半熟牛排,N,ui,Y,,道具,Y,
ITE022,item,,Flash Bomb,閃光彈,閃光彈,N,ui,Y,,道具,Y,
ITE023,item,,Sonic Bomb,音爆彈,音爆彈,N,ui,Y,,道具,Y,
ITE024,item,,Barrel Bomb L,大桶爆彈,大桶爆彈,N,ui,Y,,道具,Y,
ITE025,item,,Barrel Bomb S,小桶爆彈,小桶爆彈,N,ui,Y,,道具,Y,
ITE026,item,,Smoke Bomb,煙霧彈,煙霧彈,N,ui,Y,,道具,Y,
ITE027,item,,Might Seed,力量種子,力量種子,N,ui,Y,,道具,Y,
ITE028,item,,Adamant Seed,忍耐種子,忍耐種子,N,ui,Y,,道具,Y,
ITE029,item,,Nulberry,打消果實,消散果,N,ui,Y,,道具,Y,
ITE030,item,,Honey,蜂蜜,蜂蜜,N,ui,Y,,道具,Y,
ITE031,item,,Herb,藥草,藥草,N,ui,Y,,道具,Y,
ITE032,item,,Book of Combos 1,調合書①,調合書①,N,ui,Y,,道具,Y,
ITE033,item,,Alchemy Guide,煉金術指南,煉金術指南,N,ui,Y,,道具,Y,
ITE034,item,,Mega Demondrug,鬼人藥．大,鬼人藥．大,N,ui,Y,,道具,Y,
ITE035,item,,Mega Armorskin,硬化藥．大,硬化藥．大,N,ui,Y,,道具,Y,
ITE036,item,,Crest,紋章,,N,ui,Y,,票券詞根；C Crest Tkt→Ｃ・紋章票,Y,
UI001,ui,,Helm,頭部防具,頭盔,N,ui,Y,,UI｜定稿頭部防具（字型）,Y,
UI002,ui,,Cap,兜帽,兜帽,N,ui,Y,,UI,Y,
UI003,ui,,Mail,鎧甲,鎧甲,N,ui,Y,,UI,Y,
UI004,ui,,Vest,背心,背心,N,ui,Y,,UI,Y,
UI005,ui,,Greaves,護腿,護腿,N,ui,Y,,UI,Y,
UI006,ui,,Guards / Guard,臂甲,臂甲,N,ui,Y,,UI｜台服 wiki 腕頁劍側主用臂甲,Y,
UI006A,ui,,Arms,護腕,護腕,N,ui,Y,,UI｜對 Guard＝臂甲；wiki 鎗側多「手甲」、專案定稿「護腕」｜見 issues/armors/arms/part-dict.md,Y,
UI007,ui,,Tassets,腰甲,腰甲,N,ui,Y,,UI,Y,
UI008,ui,,Coil,腰甲,腰甲,N,ui,Y,,UI,Y,
UI009,ui,,Nothing Equipped,未裝備,未裝備,N,ui,Y,,UI,Y,
UI010,ui,,Leather,皮革,皮革,N,ui,Y,,UI,Y,
UI011,ui,,Bone,骨製,骨製,N,ui,Y,,UI,Y,
UI012,ui,,Iron,鐵,鐵,N,ui,Y,,UI,Y,
UI013,ui,,Chainmail,鎖鍊,鎖鍊,N,ui,Y,鎖鏈,UI,Y,
UI014,ui,,Alloy,合金,合金,N,ui,Y,,UI,Y,
WEA017,weapon_type,スラッシュアックスF,Switch Axe F / SAF,斬擊斧F,,Y,ui,Y,斬撃斧F,Frontier 武器｜縮寫 SAF；禁誤作劍槍,Y,
FMO076,frontier_monster,ココモア,Kokomoa / Koko,跳緋幼獸,,Y,ui,Y,,台服｜跳緋獸幼體｜縮寫 Koko；禁誤作古古（Gook／古古鴨）,Y,
FMO077,frontier_monster,ブルック,Brook,黑茶髦,,Y,ui,Y,,台服,Y,
FMO078,frontier_monster,クスバミ,Kusubami,白湖蠍,,Y,ui,Y,,台服,Y,
FMO079,frontier_monster,エギュラス,Equibra,衛蛇龍,,Y,ui,Y,,台服,Y,
FMO080,frontier_monster,紫光虫,Purple Lightbug,毒光蟲,,Y,ui,Y,,台服｜遊戲內常稱毒光蟲,Y,
FMO081,frontier_monster,グーク,Gook,古古鴨,,Y,ui,Y,,台服｜園地夥伴｜定稿古古鴨（字型）,Y,
FMO082,frontier_monster,ポカラ（幼体）,Pokara Juvenile,凍海幼獸,,Y,ui,Y,,台服｜ポカラ幼體（NPC）,Y,
MON085,monster,大雷光虫,Great Thunderbug,大雷光蟲,,N,ui,Y,,台服,Y,
MON086,monster,アンテカ,Anteka,雪鹿,,N,ui,Y,,台服,Y,
MON087,monster,アプトノス,Aptonoth,背甲龍,,N,ui,Y,,台服,Y,
MON088,monster,リノプロス,Rhenoplos,稜角羚,,N,ui,Y,,台服,Y,
SYS044,system,岩,Rock,岩石,,N,ui,Y,,台服｜障礙物,Y,
SYS045,system,キングツリー,King Tree,霸王樹,,N,ui,Y,,台服｜障礙物,Y,
FSY018,frontier_system,秘伝書,Hiden Book / Style Book,秘傳書,,Y,system,Y,,日服；台服同漢字,Y,
FSY019,frontier_system,地ノ型,Earth Style,地之型,,Y,system,Y,,日服ノ；台服常用之,Y,
FSY020,frontier_system,天ノ型,Heaven Style,天之型,,Y,system,Y,,日服ノ；台服常用之,Y,
FSY021,frontier_system,嵐ノ型,Storm Style,嵐之型,,Y,system,Y,,日服ノ；台服常用之,Y,
FSY022,frontier_system,極ノ型,Extreme Style,極之型,,Y,system,Y,,日服ノ；台服常用之,Y,
FSY023,frontier_system,スキルランク,SR / Skill Rank,SR,,Y,system,Y,,日服；與 HR 並列,Y,
FSY024,frontier_system,秘伝スキル,Hiden Skill,秘傳技能,,Y,system,Y,,日服,Y,
FSY025,frontier_system,秘伝珠,Hiden Jewel,秘傳珠,,Y,system,Y,,日服／台服,Y,
FSY026,frontier_system,シジル,Sigil,紋章,,Y,system,Y,,日服シジル；台服紋章｜道具短名：Ｘ之紋；強化系Ｘ之紋【強化】；素材仍可稱紋章素材,Y,
FSY027,frontier_system,フューチャーウェポン,Feature Weapon,注目武器,,Y,system,Y,,日服；台服注目武器,Y,
FSY028,frontier_system,狩人祭,Hunter Festival,狩人祭,,Y,system,Y,,日服,Y,
FSY029,frontier_system,韋駄天,Idaten,韋駄天,,Y,system,Y,,日服／台服,Y,
FSY030,frontier_system,猟団,Guild / Hunting Group,獵團,,Y,system,Y,,日服猟団；台服獵團,Y,
FSY031,frontier_system,猟団迎撃戦,Guild Siege,獵團迎擊戰,,Y,system,Y,獵團迎撃戰,日服,Y,
FSY032,frontier_system,新領域,New Frontier Area,新領域,,Y,system,Y,,日服,Y,
FSY033,frontier_system,遷悠クエスト,Unknown Quest,遷悠任務,,Y,system,Y,,日服,Y,
FSY034,frontier_system,HCチケット,HC Ticket,HC票,,Y,system,Y,,日服,Y,
FSY035,frontier_system,武器魂,Weapon Soul,武器魂,,Y,system,Y,,日服／台服,Y,
FSY036,frontier_system,自己推薦状,Self-Recommendation,自我挑戰,,Y,system,Y,,台服用語；日服自己推薦状,Y,
FSY037,frontier_system,ギルド優先依頼,Guild Priority Request,公會優先委託,,Y,system,Y,,台服,Y,
FSY038,frontier_system,天廊遠征録,Tower Expedition Log,天廊遠征錄,,Y,system,Y,天廊遠征録,日服／台服,Y,
FSY039,frontier_system,大闘技場,Arena,大鬥技場,,Y,system,Y,,日服／台服,Y,
FSY040,frontier_system,花園,Garden,花園,,Y,system,Y,,日服／台服設施,Y,
FSY041,frontier_system,山菜爺,Old Man / Herb Granny,山菜爺,,Y,system,Y,,日服／台服,Y,
FSY042,frontier_system,パートナーニャ,Partner Nya,貓,,Y,system,Y,猫,台服；日服表記不一｜定稿貓；顯示猫｜喵無字形故改貓,Y,
FSY043,frontier_system,狩猟鷹,Hunting Hawk,狩獵鷹,,Y,system,Y,,日服／台服,Y,
FSY044,frontier_system,ラスタ,Rasta,賴狩人,,Y,system,Y,,台服；日服ラスタ（非金獅子）,Y,
FSY045,frontier_system,気球商隊,Balloon Caravan,熱氣球商隊,,Y,system,Y,,台服,Y,
FSY046,frontier_system,モックン壺,Mocchi Pot,摩可壺,,Y,system,Y,,台服摩卡；日服表記待核｜定稿摩可壺（字型）,Y,
FSY047,frontier_system,卓越クエスト,Excellence Quest,卓越任務,,Y,system,Y,,台服,Y,
FSY048,frontier_system,謎のクエスト,Mystery Quest,謎之任務,,Y,system,Y,,台服,Y,
FSY049,frontier_system,勝利組,Winning Team,勝利組,,Y,system,Y,,台服,Y,
FSY050,frontier_system,小豚ボタン,Piggy Button,小豬鈕扣,,Y,system,Y,,台服,Y,
FSY051,frontier_system,ハンターズジュエル,Hunter Jewel,獵人珠,,Y,system,Y,,台服,Y,
FSY052,frontier_system,G珠,G Jewel,G珠,,Y,system,Y,,台服／日服,Y,
FSY053,frontier_system,SP珠,SP Jewel,SP珠,,Y,system,Y,,台服／日服,Y,
SYS046,system,怒り,Enrage / Rage,憤怒,,N,system,Y,,系統,Y,
SYS047,system,疲労,Fatigue,疲勞,,N,system,Y,,系統,Y,
SYS048,system,部位破壊,Part Break,部位破壞,,N,system,Y,,系統,Y,
SYS049,system,剥ぎ取り,Carve,剝取,,N,system,Y,剥取,系統｜暫用剥（fallback）；日後可能改回剝,Y,
SYS050,system,落とし物,Dropped Material,掉落物,,N,system,Y,,系統,Y,
SYS051,system,乗り,Mount,騎乘,,N,system,Y,,系統,Y,
SYS052,system,スタミナ,Stamina,耐力,,N,system,Y,,系統,Y,
SYS053,system,回避,Dodge / Evade,迴避,,N,system,Y,,系統,Y,
SYS054,system,ガード,Guard / Block,防禦,,N,system,Y,,系統｜Guard,Y,
SYS055,system,抜刀,Unsheathe,拔刀,,N,system,Y,,系統,Y,
SYS056,system,納刀,Sheathe,收刀,,N,system,Y,,系統,Y,
SYS058,system,属性やられ,Blight,屬性異常,,N,system,Y,,系統,Y,
SYS059,system,毒やられ,Poisoned,中毒,,N,system,Y,,系統,Y,
SYS060,system,氷やられ,Iceblight,冰屬性異常,,N,system,Y,,系統,Y,
SYS061,system,火やられ,Fireblight,火屬性異常,,N,system,Y,,系統,Y,
SYS062,system,雷やられ,Thunderblight,雷屬性異常,,N,system,Y,,系統,Y,
SYS063,system,龍やられ,Dragonblight,龍屬性異常,,N,system,Y,,系統,Y,
SYS064,system,のけぞり,Flinch,硬直,,N,system,Y,,系統,Y,
SYS065,system,風圧,Wind Pressure,風壓,,N,system,Y,,系統,Y,
SYS066,system,咆哮,Roar,咆哮,,N,system,Y,,系統,Y,
SYS067,system,震动,Tremor,震動,,N,system,Y,,系統,Y,
SYS068,system,耳栓,Earplugs,耳塞,,N,system,Y,,技能／系統,Y,
SYS069,system,耐震,Tremor Res,耐震,,N,system,Y,,技能／系統,Y,
SYS070,system,風圧無効,Windproof,風壓無效,,N,system,Y,,技能／系統,Y,
MON089,monster,ゲリョス亜種,Purple Gypceros / P.Gyp,紫毒怪鳥,紫毒怪鳥,N,ui,Y,,系列｜縮寫 P.Gyp；禁誤作紫屍,Y,
ABR001,frontier_monster,,Ravi,大巖龍,,Y,ui,Y,,魔物縮寫｜同 FMO003；禁誤作烈海龍｜防具／道具各部位共用,Y,
ABR002,frontier_monster,,Odi,弩岩龍,,Y,ui,Y,,魔物縮寫｜同 FMO022；禁音譯歐迪／奧迪｜防具／道具各部位共用,Y,
ABR003,frontier_monster,,Kuaru,晶龍,,Y,ui,Y,,魔物縮寫｜同 FMO021；禁誤作水砦龍｜防具／道具各部位共用,Y,
ABR004,frontier_monster,,Diorex,雷轟龍,,Y,ui,Y,,魔物縮寫｜同 FMO031；禁誤作電龍｜防具／道具各部位共用,Y,
ABR005,frontier_monster,,Paria,吞龍,,Y,ui,Y,,魔物縮寫｜同 FMO002；禁音譯｜防具／道具各部位共用,Y,
ABR006,frontier_monster,,B.Espinas,棘茶龍,,Y,ui,Y,,魔物縮寫｜同 FMO004｜防具／道具各部位共用,Y,
ABR007,frontier_monster,,S.Hypnoc,蒼眠鳥,,Y,ui,Y,,魔物縮寫｜同 FMO007｜防具／道具各部位共用,Y,
ABR008,frontier_monster,,W.Espi,棘白龍,,Y,ui,Y,,魔物縮寫｜同 FMO005｜防具／道具各部位共用,Y,
ABR009,frontier_monster,,W.Espinas,棘白龍,,Y,ui,Y,,魔物縮寫｜同 FMO005｜防具／道具各部位共用,Y,
ABR010,monster,,S.Zin,獄狼龍,,N,ui,Y,,魔物縮寫｜同 MON080；禁誤作雷狼龍｜防具／道具各部位共用,Y,
ABR011,monster,,S.Rath,銀火龍,,N,ui,Y,,魔物縮寫｜同 MON070｜防具／道具各部位共用,Y,
ABR012,monster,,P.Gyp,紫毒怪鳥,,N,ui,Y,,魔物縮寫｜同 MON089｜防具／道具各部位共用,Y,
ABR013,monster,,Gyp.,毒怪鳥,,N,ui,Y,,魔物縮寫｜同 MON019｜防具／道具各部位共用,Y,
ABR014,frontier_monster,,Vashimu,尾晶蠍,,Y,ui,Y,,魔物縮寫｜同 FMO009｜防具／道具各部位共用,Y,
ABR015,frontier_monster,,Vash,尾晶蠍,,Y,ui,Y,,魔物縮寫｜同 FMO009｜防具／道具各部位共用,Y,
ABR016,frontier_monster,,Akura,尾晶蠍,,Y,ui,Y,,魔物縮寫｜同 FMO009｜防具／道具各部位共用,Y,
ABR017,frontier_monster,,Beru,舞雷龍,,Y,ui,Y,,魔物縮寫｜同 FMO018｜防具／道具各部位共用,Y,
ABR018,frontier_monster,,Hyuji,針纏龍,,Y,ui,Y,,魔物縮寫｜同 FMO020｜防具／道具各部位共用,Y,
ABR019,frontier_monster,,Harudo,司銀龍,,Y,ui,Y,,魔物縮寫｜同 FMO058｜防具／道具各部位共用,Y,
ABR020,frontier_monster,,Toa,凍王龍,,Y,ui,Y,,魔物縮寫｜同 FMO060；禁誤作砦蟹／多殼蟹｜防具／道具各部位共用,Y,
ABR021,frontier_monster,,Mido,爆狼,,Y,ui,Y,,魔物縮寫｜同 FMO014｜防具／道具各部位共用,Y,
ABR022,frontier_monster,,Abi,獰龍,,Y,ui,Y,,魔物縮寫｜同 FMO016｜防具／道具各部位共用,Y,
ABR023,frontier_monster,,Zeru,輝界龍,,Y,ui,Y,,魔物縮寫｜同 FMO029｜防具／道具各部位共用,Y,
ABR024,frontier_monster,,Mera,黑穿龍,,Y,ui,Y,,魔物縮寫｜同 FMO030；禁音譯梅拉｜防具／道具各部位共用,Y,
ABR025,frontier_monster,,Garuba,金塵龍,,Y,ui,Y,,魔物縮寫｜同 FMO057｜防具／道具各部位共用,Y,
ABR026,frontier_monster,,Dyura,冰狐龍,,Y,ui,Y,,魔物縮寫｜同 FMO054｜防具／道具各部位共用,Y,
ABR027,frontier_monster,,Koko,跳緋幼獸,,Y,ui,Y,,魔物縮寫｜同 FMO076；禁誤作古古｜防具／道具各部位共用,Y,
ABR028,frontier_monster,,Taikun,多殼蟹,,Y,ui,Y,,魔物縮寫｜同 FMO038｜防具／道具各部位共用,Y,
ABR029,frontier_monster,,Zamuza,多殼蟹,,Y,ui,Y,,魔物縮寫｜同 FMO038｜防具／道具各部位共用,Y,
ABR030,frontier_monster,,Hypnoc,眠鳥,,Y,ui,Y,,魔物縮寫｜同 FMO006｜防具／道具各部位共用,Y,
ABR031,frontier_monster,,Shantien,天翔龍,,Y,ui,Y,,魔物縮寫｜同 FMO027｜防具／道具各部位共用,Y,
ABR032,frontier_monster,,Shanthien,天翔龍,,Y,ui,Y,,魔物縮寫｜同 FMO027｜防具／道具各部位共用,Y,
