en	zh	jp	evidence	status
Ancient's Blow	太古之拳	エンシェントブロウ	ferias hammer#l01ad + axibug；錘 Blow≠弓；非「古代之弓」	confirmed
Large Bone	大骨塊	大骨塊	mhfotw 大錘推薦 + axibug hammer#l0064	confirmed
Centenarian Dagger	大長老的太刀	大長老の脇差	MHFU EN 對應；ferias/axibug tachi#l01e4	confirmed
Susano Blade	斬老刀【須佐之男】	斬老刀【スサノオ】	ferias/axibug tachi#l017d（Centenarian 升級）	confirmed
Ancient Relic	遠古遺物	エンシェントレリック	ferias/axibug hammer#l01af	confirmed
Ancient Parts	遠古零件	エンシェントパーツ	ferias/axibug hammer#l0325	confirmed
Ancient Gem	遠古寶鑽	エンシェントジェム	ferias/axibug hammer#l22a0	confirmed
Basa Universe	巴薩宇宙		manual corrupt-fix (Grok quota fail)	confirmed
Ceris Escar	瑟莉絲・艾斯卡		manual corrupt-fix (Grok quota fail)	confirmed
Ceris Isam	瑟莉絲・伊薩姆		manual corrupt-fix (Grok quota fail)	confirmed
Ceris Seru	瑟莉絲・塞魯		manual corrupt-fix (Grok quota fail)	confirmed
Crimson Fatalis Rapture	紅黑龍歡悅		manual corrupt-fix (Grok quota fail)	confirmed
Ette Terrain	艾特・地勢		manual corrupt-fix (Grok quota fail)	confirmed
Eurier Grace	尤莉耶・優雅		manual corrupt-fix (Grok quota fail)	confirmed
Evai Mira	艾瓦伊・米拉		manual corrupt-fix (Grok quota fail)	confirmed
Evai Saar	艾瓦伊・札爾		manual corrupt-fix (Grok quota fail)	confirmed
Evai Sumin	艾瓦伊・蘇敏		manual corrupt-fix (Grok quota fail)	confirmed
Eve's Paradise	夏娃樂園		manual corrupt-fix (Grok quota fail)	confirmed
Feather Bassari	羽裂		manual corrupt-fix (Grok quota fail)	confirmed
Feather Carrier	羽載		manual corrupt-fix (Grok quota fail)	confirmed
Feather Dreamer	羽夢者		manual corrupt-fix (Grok quota fail)	confirmed
Feather Magic	羽魔術		manual corrupt-fix (Grok quota fail)	confirmed
Feather Sweeper	羽掃除		manual corrupt-fix (Grok quota fail)	confirmed
Feather Trend	羽潮流		manual corrupt-fix (Grok quota fail)	confirmed
Feather Trip	羽旅		manual corrupt-fix (Grok quota fail)	confirmed
Harine Herijii	哈利涅・赫里吉		manual corrupt-fix (Grok quota fail)	confirmed
Harine Izari	哈利涅・伊扎里		manual corrupt-fix (Grok quota fail)	confirmed
Harine Ruun	哈利涅・盧恩		manual corrupt-fix (Grok quota fail)	confirmed
Harine Shita	哈利涅・希塔		manual corrupt-fix (Grok quota fail)	confirmed
Hedge Bunker	樹籬堡壘銃		manual corrupt-fix (Grok quota fail)	confirmed
Hidden Daggers	希杜加		manual corrupt-fix (Grok quota fail)	confirmed
Hireimaru Nurega	飛嶺丸・濡芽		manual corrupt-fix (Grok quota fail)	confirmed
Kaktus Genie	仙人掌精靈		manual corrupt-fix (Grok quota fail)	confirmed
Kut-Ku Jember	怪鳥珍貝		manual corrupt-fix (Grok quota fail)	confirmed
Kut-ku Digger	怪鳥挖掘者		manual corrupt-fix (Grok quota fail)	confirmed
Magi Hein	瑪傑・海因		manual corrupt-fix (Grok quota fail)	confirmed
Magi Nagering	瑪傑・納格林		manual corrupt-fix (Grok quota fail)	confirmed
Magi Pieta	瑪傑・皮耶塔		manual corrupt-fix (Grok quota fail)	confirmed
Magi Ranger	瑪傑・遊俠		manual corrupt-fix (Grok quota fail)	confirmed
Magi Riches	瑪傑・富饒		manual corrupt-fix (Grok quota fail)	confirmed
Magi Sacure	瑪傑・薩居爾		manual corrupt-fix (Grok quota fail)	confirmed
Magi Tetri	瑪傑・泰特萊		manual corrupt-fix (Grok quota fail)	confirmed
Magi Verita	瑪傑・維里塔		manual corrupt-fix (Grok quota fail)	confirmed
Maiden Berserk Fireharp	少女狂火豎琴		manual corrupt-fix (Grok quota fail)	confirmed
Maiden Fierce Fireharp	少女猛火豎琴		manual corrupt-fix (Grok quota fail)	confirmed
Maiden Fireharp	少女火豎琴		manual corrupt-fix (Grok quota fail)	confirmed
Maiden Savage Fireharp	少女荒火豎琴		manual corrupt-fix (Grok quota fail)	confirmed
Menti Pair	門提雙劍		manual corrupt-fix (Grok quota fail)	confirmed
Nebra Virus	涅布拉病毒		manual corrupt-fix (Grok quota fail)	confirmed
Nepa Berserk Icecutter	涅帕狂冰切		manual corrupt-fix (Grok quota fail)	confirmed
Nepa Fierce Icecutter	涅帕猛冰切		manual corrupt-fix (Grok quota fail)	confirmed
Nepa Icecutter	涅帕冰切		manual corrupt-fix (Grok quota fail)	confirmed
Nepa Savage Icecutter	涅帕荒冰切		manual corrupt-fix (Grok quota fail)	confirmed
Neve Acris	涅維・阿克利斯		manual corrupt-fix (Grok quota fail)	confirmed
Neve Ashiku	涅維・阿希庫		manual corrupt-fix (Grok quota fail)	confirmed
Neveredge Desire	無鋒慾望		manual corrupt-fix (Grok quota fail)	confirmed
Parasitic Dagger	寄生短劍		manual corrupt-fix (Grok quota fail)	confirmed
Prairie Desert	草原・沙漠		manual corrupt-fix (Grok quota fail)	confirmed
Prairie Erde	草原・大地		manual corrupt-fix (Grok quota fail)	confirmed
Prairie Wueste	草原・荒原		manual corrupt-fix (Grok quota fail)	confirmed
Pure Dank	純・丹克		manual corrupt-fix (Grok quota fail)	confirmed
Pure Grati	純・格拉蒂		manual corrupt-fix (Grok quota fail)	confirmed
Pure Pieta	純・皮耶塔		manual corrupt-fix (Grok quota fail)	confirmed
Pure Riches	純・富饒		manual corrupt-fix (Grok quota fail)	confirmed
Rashine Sol	拉希涅・索爾		manual corrupt-fix (Grok quota fail)	confirmed
Raw Pieta	素・皮耶塔		manual corrupt-fix (Grok quota fail)	confirmed
Raw Riches	素・富饒		manual corrupt-fix (Grok quota fail)	confirmed
Raw Sacure	素・薩居爾		manual corrupt-fix (Grok quota fail)	confirmed
Raw Verita	素・維里塔		manual corrupt-fix (Grok quota fail)	confirmed
Rear Breaker	後衛破壞者		manual corrupt-fix (Grok quota fail)	confirmed
Red Madder Sandsea	紅茜沙海		manual corrupt-fix (Grok quota fail)	confirmed
Red Runes	紅盧恩		manual corrupt-fix (Grok quota fail)	confirmed
Regina・Tres	女王・三		manual corrupt-fix (Grok quota fail)	confirmed
Renegade	叛徒		manual corrupt-fix (Grok quota fail)	confirmed
Shira Revans	席拉・復仇		manual corrupt-fix (Grok quota fail)	confirmed
Six Spender	六磅炮		manual corrupt-fix (Grok quota fail)	confirmed
Tearing Mist	裂霧		manual corrupt-fix (Grok quota fail)	confirmed
Terra Ruber-Tsukuri	大地緋造		manual corrupt-fix (Grok quota fail)	confirmed
Terra Rubergian	大地緋護		manual corrupt-fix (Grok quota fail)	confirmed
Terra Ruberguardian	大地緋守護		manual corrupt-fix (Grok quota fail)	confirmed
Terra Rubersaber	大地緋軍刀		manual corrupt-fix (Grok quota fail)	confirmed
Tita Muerte	蒂塔・死亡		manual corrupt-fix (Grok quota fail)	confirmed
Tita Tierra	蒂塔・大地		manual corrupt-fix (Grok quota fail)	confirmed
Tita Vient	蒂塔・風		manual corrupt-fix (Grok quota fail)	confirmed
Vashim Gemu	尾晶蠍・傑穆		manual corrupt-fix (Grok quota fail)	confirmed
Vashim Genma	尾晶蠍・幻魔		manual corrupt-fix (Grok quota fail)	confirmed
Vashim Haken	尾晶蠍・鉤		manual corrupt-fix (Grok quota fail)	confirmed
Vashim Pete	尾晶蠍・皮特		manual corrupt-fix (Grok quota fail)	confirmed
Vashim Sifure	尾晶蠍・西弗爾		manual corrupt-fix (Grok quota fail)	confirmed
Vashim Sucre	尾晶蠍・蔗糖		manual corrupt-fix (Grok quota fail)	confirmed
Volganos Punisher	熔岩龍懲罰者		manual corrupt-fix (Grok quota fail)	confirmed
Vrage Crag	弗拉格岩壁		manual corrupt-fix (Grok quota fail)	confirmed
"Maiden Fireharp ""Flash"""	少女火豎琴【閃】		manual corrupt-fix (Grok quota fail)	confirmed
"Maiden Fireharp ""Shine"""	少女火豎琴【耀】		manual corrupt-fix (Grok quota fail)	confirmed
"Nepa Icecutter ""Flash"""	涅帕冰切【閃】		manual corrupt-fix (Grok quota fail)	confirmed
"Nepa Icecutter ""Shine"""	涅帕冰切【耀】		manual corrupt-fix (Grok quota fail)	confirmed
Regina?Tres	女王・三		manual corrupt-fix (Grok quota fail)	confirmed
