count	stem	zh	reason	source
15	Epidosis	艾皮多西斯	專名短音譯	搜：Epidosis→專名
15	Vola	沃拉	專名短音譯	搜：Vola Edge 現譯系
14	Argen	阿爾根	專名短音譯	搜：Argen 系
10	Awis	阿維斯	專名短音譯	搜：Awis knife
9	Infinity	伊尼蒂	專名短音譯	搜：イニティシリーズ→シプレラ https://wikiwiki.jp/nenaiko/武器/イニティシリーズ ；英名 Infinity 對日文イニティ
9	Shipler	希普蕾拉	專名短音譯	搜：シプレラシリーズ https://wikiwiki.jp/nenaiko/武器/イニティシリーズ （本文一處誤記シブレラ）；英名 Shipler 對シプレラ
7	Master Kalinga	大師迦林加	專名短音譯	搜：マスターカリンガSP モデル＝ハンターカリンガ https://wikiwiki.jp/ga-ko/片手剣/SP武器 ；カリンガ造語
7	Exceletta	艾克蕾塔	專名短音譯	搜：エクセレッタSP→片手剣造語、無義譯 https://wikiwiki.jp/ga-ko/片手剣/SP武器
7	Asir Warhammer	阿希爾戰錘	專名短音譯	搜：Asir Warhammer→鎚SP無アシル https://wikiwiki.jp/mhfo/武具・装飾品/武器/ハンマーSP→阿希爾＋戰錘
7	Grenado	古拉納多	專名短音譯	搜：グラナードSP→火睡；無慣用義譯，短音譯≤4 https://mhf.gorillawiki.jp/entry/7808
7	Berum	貝魯姆	專名短音譯	搜：ベルムSP→造語、イニティ派生 https://wikiwiki.jp/nenaiko/武器/イニティシリーズ
7	Berum SPⅣ	貝魯姆SPⅣ	專名短音譯	搜：ベルムSPIV→同系列跳階 https://wikiwiki.jp/nenaiko/武器/イニティシリーズ
7	Berum SPⅦ	貝魯姆SPⅦ	專名短音譯	搜：ベルムSPVII→同系列 https://wikiwiki.jp/nenaiko/武器/イニティシリーズ
7	Torem	托雷姆	專名短音譯	搜：トレーム→ベルムSPVII派生 https://wikiwiki.jp/nenaiko/武器/イニティシリーズ
7	Snap	斯納普	專名短音譯	搜：スナップブレード→雷屬色差 https://wikiwiki.jp/nenaiko/武器/超硬質ブレード
6	Rubino Killi	紅玉基利	專名短音譯	搜：ルビーノキリー（rmake 英名 Rubino Killi）→紅玉＋キリー→基利
5	Steel Acris	鋼阿克里斯	專名短音譯	搜：スティールアクリス（ネカフェ狩猟笛）→鋼＋アクリス→阿克里斯
5	Zidoria Acris	希托利亞・阿克里斯	專名短音譯	搜：シトリアアクリス＝狩猟笛 https://wikiwiki.jp/mhfo/%E6%88%A6%E8%A1%93%E6%8C%87%E5%8D%97/%E6%AD%A6%E5%99%A8/%E7%8B%A9%E7%8C%9F%E7%AC%9B ；Ferias horn 位在ルビーノ後＝Zidoria；アクリス無通稱
5	Aru Goru Ⅰ	阿爾德爾Ⅰ	專名短音譯	搜：アルドル說明「量産性を重視し生産工程を可能な限り統一」＝Ferias souken#l1FC4 https://wikiwiki.jp/nenaiko/%E6%AD%A6%E5%99%A8/%E3%83%8D%E3%83%83%E3%83%A9%E3%82%BA%E3%83%BC%E3%83%AD%E3%83%BB
5	Aru Goru Ⅱ	阿爾德爾Ⅱ	專名短音譯	搜：同上アルドルⅡ；Ferias Aru Goru II
5	Aru Goru Ⅲ	阿爾德爾Ⅲ	專名短音譯	搜：同上アルドルⅢ；Ferias Aru Goru III
5	Menti	門蒂	專名短音譯	搜：Ferias katate#l3203 僅「レジェンドラスタ模造品」、日文武器名未另見；Menti 短音譯
5	Ravina	拉維娜	專名短音譯	搜：ラヴィーナトンファ https://monhanonline.com/mhf/TeniSord/senryukon.html ；非ラヴィエンテ；Ferias tonfa#l3F8B
4	Irwin	歐文	專名短音譯	搜：Irwin MHF→Ferias片手劍無繁中；IRWIN／人名作歐文
4	Itin	伊提	專名短音譯	搜：Itin MHF→Feriasイティ・レドンド無繁中；短音譯
4	Navar	納瓦爾	專名短音譯	搜：Navar MHF→Ferias雙劍Navar Luz無繁中；短音譯
4	Ibol	伊博爾	專名短音譯	搜：Ibol MHF→Ferias銃槍Ibo Ria無繁中；短音譯
4	Leschen	勒申	專名短音譯	搜：Leschen MHF→Ferias大劍無繁中；短音譯
4	Pacus	巴庫斯	專名短音譯	搜：Pacus MHF→Ferias鎚無繁中；魚名無定譯，短音譯
4	Rotoro	羅托羅	專名短音譯	搜：ロトロ ランス MHF→無詞義專頁；Ferias ロトロⅠ祭器槍 http://ferias.life.coocan.jp/buki/lance.htm ；短音譯
4	Margaris	瑪嘉莉絲	專名短音譯	搜：マルガリス MHF→無既定中文；花貴婦贈禮片手 http://ferias.life.coocan.jp/buki/katate.htm ；短音譯
4	Schwitt	舒維特	專名短音譯	搜：シュウィット MHF→無詞義；冰屬騎士團大劍 http://ferias.life.coocan.jp/buki/taiken.htm ；短音譯
4	Pile	派伊爾	專名短音譯	搜：Ferias right#l0686 パイル、說明祭具を模した黄金色軽弩 http://ferias.life.coocan.jp/buki/right.htm ；非打樁。パ・イ・ル→派伊爾
4	Ein	艾因	專名短音譯	搜：Ferias right#l070A エイン、白銀色祭具；上位エイン・アルジェント http://ferias.life.coocan.jp/buki/right.htm 。エ・イ・ン→艾因
4	Lobo	魯布托	專名短音譯	搜：Ferias right#l0B13 ルブト、西方の装飾が施された軽弩 http://ferias.life.coocan.jp/buki/right.htm ；日文非 lobo（狼）。ル・ブ・ト→魯布托
3	Baddeley	巴德利	專名短音譯	搜：Ferias katate#l0F69 バッデリィソード、華麗な鉱石 http://ferias.life.coocan.jp/buki/katate.htm ；baddeleyite 中文斜鋯石但鋯不在字集且無 fallback https://en.wikipedia.org/wiki/Baddeleyite 
3	Cidolite Trance	希德來	專名短音譯	搜：Ferias lance#l0FE4 シドライトランス、華麗な鉱石；無礦物專頁 http://ferias.life.coocan.jp/buki/lance.htm 。シ・ド・ラ・イ→希德來（トランス為系列尾綴）
3	Nirgudi	尼古迪	專名短音譯	搜：Nirgudi／ニルグディ MHF→無義譯頁；短音譯≤4
3	Wisel	維斯瓦爾	專名短音譯	搜：Ferias hammer#l10C6 ヴィスヴァル、黃染礦石鎚；無對應普通名詞 http://ferias.life.coocan.jp/buki/hammer.htm 。ヴィ・ス・ヴァ・ル→維斯瓦爾
3	Schnitte	施尼特	專名短音譯	搜：シュニットⅠ大剣→造語 http://ferias.life.coocan.jp/buki/taiken.htm
3	Wint	文特	專名短音譯	搜：ヴィントⅠ太刀→造語 http://ferias.life.coocan.jp/buki/tachi.htm
3	Eisen	艾森	專名短音譯	搜：アイゼンⅠ銃槍→與アイアン鐵系分立 http://ferias.life.coocan.jp/buki/gunlance.htm
3	Insectijector	皮亞里	專名短音譯	搜：英樹 Insectijector＝ピアリⅠ→ピア・ウィドール http://ferias.life.coocan.jp/buki/katate.htm
3	Vio	維歐	專名短音譯	搜：ヴィオⅠ大剣→造語 http://ferias.life.coocan.jp/buki/taiken.htm
3	Rio	里歐	專名短音譯	搜：リオⅠ太刀；上位リオ・グランデ http://ferias.life.coocan.jp/buki/tachi.htm
3	Alvino	阿維歐	專名短音譯	搜：英名 Alvino＝アルヴィオⅠ笛 http://ferias.life.coocan.jp/buki/horn.htm
3	Falt	法爾特	專名短音譯	搜：ファルトⅠランス→造語 http://ferias.life.coocan.jp/buki/lance.htm
3	Moldenpierce	摩佩拉斯	專名短音譯	搜：英名 Moldenpierce＝モルデノペイラスⅠ銃槍 http://ferias.life.coocan.jp/buki/gunlance.htm
3	Brand	布蘭德	專名短音譯	搜：ブランドⅠ銃槍→造語 http://ferias.life.coocan.jp/buki/gunlance.htm
3	Ourun	奧爾恩	專名短音譯	搜：英名 Ourun＝オールンⅠ銃槍 http://ferias.life.coocan.jp/buki/gunlance.htm
3	Mercu	梅爾庫	專名短音譯	搜：メルキュⅠ片手剣→造語 http://ferias.life.coocan.jp/buki/katate.htm
3	Septa	塞普塔	專名短音譯	搜：セプタⅠ片手剣→造語 http://ferias.life.coocan.jp/buki/katate.htm
3	Cowro	考羅	專名短音譯	搜：カウロⅠ双剣→造語；卡缺字 http://ferias.life.coocan.jp/buki/souken.htm
3	Cog	科格	專名短音譯	搜：英名 Cog＝コーグⅠ双剣（非齒輪） http://ferias.life.coocan.jp/buki/souken.htm
3	Dacti	達克蒂	專名短音譯	搜：ダクティⅠ大剣→造語 http://ferias.life.coocan.jp/buki/taiken.htm
3	Kista	基斯塔	專名短音譯	搜：キスタⅠ大剣→造語 http://ferias.life.coocan.jp/buki/taiken.htm
3	Yufo	優佛	專名短音譯	搜：ユーフォⅠ太刀→造語 http://ferias.life.coocan.jp/buki/tachi.htm
3	Thorium	托里	專名短音譯	搜：トリウムⅠ鎚＝釷；釷缺字 http://ferias.life.coocan.jp/buki/hammer.htm
3	Idea	伊迪亞	專名短音譯	搜：英名 Idea＝イディアⅠ鎚（非想法） http://ferias.life.coocan.jp/buki/hammer.htm
3	Valea	瓦雷亞	專名短音譯	搜：バレアⅠ銃槍→造語 http://ferias.life.coocan.jp/buki/gunlance.htm
3	Nikir	尼基爾	專名短音譯	搜：ニキルⅠ片手剣→造語 http://ferias.life.coocan.jp/buki/katate.htm
3	Alem	阿雷姆	專名短音譯	搜：アレムⅠ双剣→造語 http://ferias.life.coocan.jp/buki/souken.htm
3	Elmis	埃爾米	專名短音譯	搜：エルミスⅠ双剣→造語 http://ferias.life.coocan.jp/buki/souken.htm
3	Nugus	努格斯	專名短音譯	搜：ヌグスⅠ大剣→造語 http://ferias.life.coocan.jp/buki/taiken.htm
3	Sias	西亞斯	專名短音譯	搜：シアスⅠ大剣→造語 http://ferias.life.coocan.jp/buki/taiken.htm
3	Bellim	貝利姆	專名短音譯	搜：ベリムⅠ笛→造語 http://ferias.life.coocan.jp/buki/horn.htm
3	Tante	坦特	專名短音譯	搜：タンテⅠ銃槍→造語 http://ferias.life.coocan.jp/buki/gunlance.htm
3	Eunos	尤諾斯	專名短音譯	搜：ユーノスⅠ銃槍→造語 http://ferias.life.coocan.jp/buki/gunlance.htm
3	Senvi	森維	專名短音譯	搜：センヴィⅠ片手剣→造語 http://ferias.life.coocan.jp/buki/katate.htm
3	Celes	塞莉斯	專名短音譯	搜：セリスⅠ片手剣→造語 http://ferias.life.coocan.jp/buki/katate.htm
3	Naze	奈茲	專名短音譯	搜：ネイズⅠ双剣→造語；內缺字 http://ferias.life.coocan.jp/buki/souken.htm
3	Vota	沃塔	專名短音譯	搜：ヴォータⅠ大剣→造語 http://ferias.life.coocan.jp/buki/taiken.htm
3	Gog	戈格	專名短音譯	搜：ゴーグⅠ大剣→造語 http://ferias.life.coocan.jp/buki/taiken.htm
3	Facove	法科維	專名短音譯	搜：ファコヴェⅠ太刀→造語 http://ferias.life.coocan.jp/buki/tachi.htm
3	Nothingness	沃托	專名短音譯	搜：英名 Nothingness＝ヴォトーⅠ鎚（非虛無） http://ferias.life.coocan.jp/buki/hammer.htm
3	Occupy	基姆	專名短音譯	搜：英名 Occupy＝キームⅠ笛（非佔領） http://ferias.life.coocan.jp/buki/horn.htm
3	Wisdom	茲尼亞	專名短音譯	搜：英名 Wisdom＝ズニアⅠ銃槍（非智慧） http://ferias.life.coocan.jp/buki/gunlance.htm
3	Gyro	亞伊呂	專名短音譯	搜：英名 Gyro＝ヤイロⅠ片手剣（非陀螺） http://ferias.life.coocan.jp/buki/katate.htm
3	Afferter	阿費塔	專名短音譯	搜：アフェーターⅠ双剣→造語 http://ferias.life.coocan.jp/buki/souken.htm
3	Balisk	巴里斯	專名短音譯	搜：バリスクⅠ大剣→造語 http://ferias.life.coocan.jp/buki/taiken.htm
3	Naval	納貝爾	專名短音譯	搜：ナベイルⅠ大剣→造語（非海軍） http://ferias.life.coocan.jp/buki/taiken.htm
3	Letra	雷特拉	專名短音譯	搜：レトラⅠ太刀→造語 http://ferias.life.coocan.jp/buki/tachi.htm
3	Arinus	阿利努	專名短音譯	搜：アリヌスⅠ太刀→造語 http://ferias.life.coocan.jp/buki/tachi.htm
3	Tardro	塔爾德	專名短音譯	搜：タルドロⅠ鎚→造語 http://ferias.life.coocan.jp/buki/hammer.htm
3	Shiroma	希羅瑪	專名短音譯	搜：シロマⅠ鎚→造語 http://ferias.life.coocan.jp/buki/hammer.htm
3	Ponos	波諾斯	專名短音譯	搜：Ferias horn#l1716 ポノスⅠ；華麗系以外の麻痺笛造語、無義譯 http://ferias.life.coocan.jp/buki/horn.htm
3	Folka	佛爾加	專名短音譯	搜：Ferias gunlance#l1758 フォルカⅠ；華麗ガンランス造語 http://ferias.life.coocan.jp/buki/gunlance.htm
3	Marti	馬爾蒂	專名短音譯	搜：Ferias katate#l1769 マルティⅠ；華麗片手剣造語 http://ferias.life.coocan.jp/buki/katate.htm
3	App	阿普利	專名短音譯	搜：Ferias souken#l1793 アプリⅠ；説明は華麗双剣、非應用程式 http://ferias.life.coocan.jp/buki/souken.htm
3	Arios	阿里歐斯	專名短音譯	搜：Ferias taiken#l17AA アリオスⅠ；華麗大剣造語 http://ferias.life.coocan.jp/buki/taiken.htm
3	Fable	菲布爾	專名短音譯	搜：Ferias tachi#l17C9 フェブルⅠ；假名非 fable（寓言） http://ferias.life.coocan.jp/buki/tachi.htm
3	Nios	尼歐斯	專名短音譯	搜：Ferias hammer#l17E2 ニオスⅠ；華麗鎚造語 http://ferias.life.coocan.jp/buki/hammer.htm
3	Noen	諾艾恩	專名短音譯	搜：Ferias gunlance#l1830 ノエンⅠ；華麗銃槍造語 http://ferias.life.coocan.jp/buki/gunlance.htm
3	Axis Idea	阿克希里斯伊迪亞	專名短音譯	搜：Ferias gunlance#l1A13 アクシリスイデア；極東錬金術師銃槍、非軸＋想法 http://ferias.life.coocan.jp/buki/gunlance.htm
3	Bella Rama	貝拉拉夫馬	專名短音譯	搜：Ferias souken#l1A57 ベラ・ラフマ；精神を揺さぶる双剣造語 http://ferias.life.coocan.jp/buki/souken.htm
3	Violent	維奧爾斯	專名短音譯	搜：Ferias lance#l1D54 ビオルスランス；假名非 violent http://ferias.life.coocan.jp/buki/lance.htm
3	Cambriosword	坎比奧劍	專名短音譯	搜：Ferias buki/katate.htm Cambriosword I→カンビオシリーズの片手剣
3	Nomosu	諾莫斯	專名短音譯	搜：Ferias katate#l1DC6 ノモス；脈動片手剣造語 http://ferias.life.coocan.jp/buki/katate.htm
3	Cambrio Fang	坎比奧牙	專名短音譯	搜：Ferias buki/souken.htm Cambrio Fang I→カンビオシリーズの双剣
3	Cambrio Tachi	坎比奧太刀	專名短音譯	搜：Ferias buki/tachi.htm Cambrio Tachi I→カンビオシリーズの太刀
3	Cambrio Relic	坎比奧遺物	專名短音譯	搜：Ferias buki/hammer.htm Cambrio Relic I→カンビオシリーズの鎚；Relic＝遺物
3	Cambrio Recorder	坎比奧直笛	專名短音譯	搜：Ferias buki/horn.htm Cambrio Recorder I→カンビオシリーズの狩猟笛
3	Regesu	列格斯	專名短音譯	搜：Ferias lance#l1E96 レゲス；脈動槍造語 http://ferias.life.coocan.jp/buki/lance.htm
3	Cambrio Rook	坎比奧城堡	專名短音譯	搜：Ferias gunlance#l1EC0 カンビオルーク；カンビオ＝坎比奧，ルーク＝國際象棋城堡 http://ferias.life.coocan.jp/buki/gunlance.htm
3	Royen	羅伊恩	專名短音譯	搜：Ferias katate#l1F22 ロイエン；殲滅片手剣造語 http://ferias.life.coocan.jp/buki/katate.htm
3	Tier	蒂耶爾	專名短音譯	搜：Ferias souken#l1F34 ティエル；假名非 tier http://ferias.life.coocan.jp/buki/souken.htm
3	Ameth	阿梅特	專名短音譯	搜：Ferias taiken#l1F39 アメト；非アメジスト紫水晶 http://ferias.life.coocan.jp/buki/taiken.htm
3	Lechen	列徹恩	專名短音譯	搜：Ferias tachi#l1F42 レチェン；殲滅太刀造語 http://ferias.life.coocan.jp/buki/tachi.htm
3	Berry	貝里耶	專名短音譯	搜：Ferias gunlance#l1F6C ベリエ；假名非 berry http://ferias.life.coocan.jp/buki/gunlance.htm
3	Gold	戈魯德	專名短音譯	搜：Ferias katate#l24C6 ゴルードフレート（鏡之盾，非金）；同剝詞另有金縷ノ太刀#l2538、ゴールドメイス#l2C9E http://ferias.life.coocan.jp/buki/katate.htm
3	Parachan	巴拉仔	專名短音譯	搜：ぱらちゃんガン（東芝票券輕弩、布偶外觀）https://ad.impress.co.jp/special/toshiba0812_2/ ；帕、醬缺字故巴拉仔
3	Ryufu	留弗	專名短音譯	搜：Ferias yumi#l0390 リューフ；実用と美術の弓、造語非龍風 http://ferias.life.coocan.jp/buki/yumi.htm
3	Suez	斯耶茲	專名短音譯	搜：Ferias yumi#l044D スェズ；假名非スエズ，非蘇伊士 http://ferias.life.coocan.jp/buki/yumi.htm
3	Tonil	托尼爾	專名短音譯	搜：Ferias yumi#l0479 トーニル；機械仕込みの鉄弓造語 http://ferias.life.coocan.jp/buki/yumi.htm
3	Cambio Devil	坎比奧惡魔	專名短音譯	搜：Ferias buki/heavy.htm Cambio Devil I→カンビオシリーズの重弩
3	Cambio Pistol	坎比奧銃	專名短音譯	搜：Ferias buki/right.htm Cambio Pistol I→カンビオシリーズの軽弩
3	Cambio	坎比奧	專名短音譯	搜：Ferias buki/yumi.htm Cambio Bow I→カンビオシリーズの弓
3	Goru	戈爾加諾斯	專名短音譯	搜：Ferias buki/heavy.htm Goru Cannon I→ゴルガノスがモチーフ
3	Aru	阿爾加諾斯	專名短音譯	搜：Ferias buki/heavy.htm Aru Cannon I→アルガノスがモチーフ
